replicon	type	subtype	sys_beg	sys_end	protein_in_syst	genes_count	name_of_profiles_in_sys	accession_in_sys	Superkingdom	phylum	class	order	family	genus	species	sys_id	abundance
GCF_017377355.1	BREX	BREX_IV	GCF_017377355.1_NZ_CP061799_01183	GCF_017377355.1_NZ_CP061799_01194	GCF_017377355.1_NZ_CP061799_01183,GCF_017377355.1_NZ_CP061799_01193,GCF_017377355.1_NZ_CP061799_01194	3	BREX__brxP,BREX__pglZ4,BREX__brxL	WP_207690836.1,WP_207690844.1,dnl_RS05990	Bacteria	Thermodesulfobacteriota	Desulfobacteria	Desulfobacterales	Desulfococcaceae	Desulfonema	Desulfonema limicola	GCF_017377355_NZ_CP061799_BREX_IV_6	4
GCF_017377355.1	BREX	BREX_III	GCF_017377355.1_NZ_CP061799_01406	GCF_017377355.1_NZ_CP061799_01411	GCF_017377355.1_NZ_CP061799_01406,GCF_017377355.1_NZ_CP061799_01409,GCF_017377355.1_NZ_CP061799_01411	3	BREX__pglZ3,BREX__pglXI,BREX__brxF	dnl_RS07065,WP_207691047.1,dnl_RS07090	Bacteria	Thermodesulfobacteriota	Desulfobacteria	Desulfobacterales	Desulfococcaceae	Desulfonema	Desulfonema limicola	GCF_017377355_NZ_CP061799_BREX_III_5	4
GCF_017377355.1	BREX	BREX_I	GCF_017377355.1_NZ_CP061799_04108	GCF_017377355.1_NZ_CP061799_04117	GCF_017377355.1_NZ_CP061799_04108,GCF_017377355.1_NZ_CP061799_04109,GCF_017377355.1_NZ_CP061799_04110,GCF_017377355.1_NZ_CP061799_04113,GCF_017377355.1_NZ_CP061799_04116,GCF_017377355.1_NZ_CP061799_04117	6	BREX__brxA_DUF1819,BREX__brxB_DUF1788,BREX__brxC,BREX__pglX1,BREX__pglZA,BREX__brxL	WP_207688110.1,WP_207688111.1,dnl_RS20625,dnl_RS20640,dnl_RS20655,dnl_RS20660	Bacteria	Thermodesulfobacteriota	Desulfobacteria	Desulfobacterales	Desulfococcaceae	Desulfonema	Desulfonema limicola	GCF_017377355_NZ_CP061799_BREX_I_3	4
GCF_017377355.1	BREX	BREX_I	GCF_017377355.1_NZ_CP061799_05248	GCF_017377355.1_NZ_CP061799_05253	GCF_017377355.1_NZ_CP061799_05248,GCF_017377355.1_NZ_CP061799_05251,GCF_017377355.1_NZ_CP061799_05253	3	BREX__pglX1,BREX__brxC,BREX__brxA_DUF1819	dnl_RS26370,dnl_RS26385,WP_207689228.1	Bacteria	Thermodesulfobacteriota	Desulfobacteria	Desulfobacterales	Desulfococcaceae	Desulfonema	Desulfonema limicola	GCF_017377355_NZ_CP061799_BREX_I_4	4
GCF_002946835.1	BREX	BREX_II	GCF_002946835.1_NZ_CP026652_01583	GCF_002946835.1_NZ_CP026652_01588	GCF_002946835.1_NZ_CP026652_01583,GCF_002946835.1_NZ_CP026652_01584,GCF_002946835.1_NZ_CP026652_01585,GCF_002946835.1_NZ_CP026652_01586,GCF_002946835.1_NZ_CP026652_01587,GCF_002946835.1_NZ_CP026652_01588	6	BREX__pglW,BREX__pglX2,BREX__pglY,BREX__pglZ2,BREX__brxD,BREX__brxHI	C4B68_RS07920,C4B68_RS07925,WP_099498686.1,C4B68_RS07935,C4B68_RS07940,WP_099498689.1	Bacteria	Actinomycetota	Actinomycetes	Kitasatosporales	Streptomycetaceae	Streptomyces	Streptomyces dengpaensis	GCF_002946835_NZ_CP026652_BREX_II_4	3
GCF_001447075.1	BREX	BREX_II	GCF_001447075.1_NZ_CP013219_04579	GCF_001447075.1_NZ_CP013219_04582	GCF_001447075.1_NZ_CP013219_04579,GCF_001447075.1_NZ_CP013219_04580,GCF_001447075.1_NZ_CP013219_04581,GCF_001447075.1_NZ_CP013219_04582	4	BREX__brxHI,BREX__brxD,BREX__pglZ2,BREX__pglY	WP_107112890.1,SHL15_RS22255,SHL15_RS22260,WP_058081575.1	Bacteria	Actinomycetota	Actinomycetes	Kitasatosporales	Streptomycetaceae	Streptomyces	Streptomyces hygroscopicus	GCF_001447075_NZ_CP013219_BREX_II_4	3
GCF_000970265.1	BREX	BREX_I	GCF_000970265.1_NZ_CP009515_02047	GCF_000970265.1_NZ_CP009515_02055	GCF_000970265.1_NZ_CP009515_02047,GCF_000970265.1_NZ_CP009515_02048,GCF_000970265.1_NZ_CP009515_02052,GCF_000970265.1_NZ_CP009515_02054,GCF_000970265.1_NZ_CP009515_02055	5	BREX__brxL,BREX__pglZA,BREX__pglX1,BREX__brxC,BREX__brxB_DUF1788	MSLAZ_RS10125,MSLAZ_RS10130,MSLAZ_RS10150,MSLAZ_RS10160,WP_048126496.1	Archaea	Euryarchaeota	Methanomicrobia	Methanosarcinales	Methanosarcinaceae	Methanosarcina	Methanosarcina lacustris	GCF_000970265_NZ_CP009515_BREX_I_5	3
GCF_002354895.1	BREX	BREX	GCF_002354895.1_NZ_CP023439_03968	GCF_002354895.1_NZ_CP023439_03980	GCF_002354895.1_NZ_CP023439_03968,GCF_002354895.1_NZ_CP023439_03969,GCF_002354895.1_NZ_CP023439_03972,GCF_002354895.1_NZ_CP023439_03976,GCF_002354895.1_NZ_CP023439_03977,GCF_002354895.1_NZ_CP023439_03978,GCF_002354895.1_NZ_CP023439_03979,GCF_002354895.1_NZ_CP023439_03980	8	BREX__brxL,BREX__pglZA,BREX__pglX1,BREX__pglX1,BREX__brxC,BREX__brxB_DUF1788,BREX__brxA_DUF1819,BREX__brxE	CCZ27_RS19495,WP_096450969.1,WP_157748643.1,WP_096450983.1,CCZ27_RS19540,WP_096450987.1,WP_198363194.1,WP_096450991.1	Bacteria	Pseudomonadota	Betaproteobacteria	Rhodocyclales	Zoogloeaceae	Thauera	Thauera sp. K11	GCF_002354895_NZ_CP023439_BREX_3	3
GCF_002354895.1	BREX	BREX_I	GCF_002354895.1_NZ_CP023439_02487	GCF_002354895.1_NZ_CP023439_02500	GCF_002354895.1_NZ_CP023439_02487,GCF_002354895.1_NZ_CP023439_02488,GCF_002354895.1_NZ_CP023439_02493,GCF_002354895.1_NZ_CP023439_02497,GCF_002354895.1_NZ_CP023439_02499,GCF_002354895.1_NZ_CP023439_02500	6	BREX__brxL,BREX__pglZB,BREX__pglX1,BREX__pglX1,BREX__brxC,BREX__brxB_DUF1788	CCZ27_RS12195,CCZ27_RS12200,WP_096448526.1,WP_198363114.1,CCZ27_RS12255,WP_043743643.1	Bacteria	Pseudomonadota	Betaproteobacteria	Rhodocyclales	Zoogloeaceae	Thauera	Thauera sp. K11	GCF_002354895_NZ_CP023439_BREX_I_4	3
GCF_002354895.1	BREX	BREX_II	GCF_002354895.1_NZ_CP023439_02163	GCF_002354895.1_NZ_CP023439_02168	GCF_002354895.1_NZ_CP023439_02163,GCF_002354895.1_NZ_CP023439_02164,GCF_002354895.1_NZ_CP023439_02165,GCF_002354895.1_NZ_CP023439_02166,GCF_002354895.1_NZ_CP023439_02167,GCF_002354895.1_NZ_CP023439_02168	6	BREX__pglW,BREX__pglX2,BREX__pglY,BREX__pglZ2,BREX__brxD,BREX__brxHI	CCZ27_RS10585,CCZ27_RS10590,WP_096448011.1,CCZ27_RS10600,CCZ27_RS10605,WP_096448017.1	Bacteria	Pseudomonadota	Betaproteobacteria	Rhodocyclales	Zoogloeaceae	Thauera	Thauera sp. K11	GCF_002354895_NZ_CP023439_BREX_II_5	3
GCF_000970265.1	BREX	BREX_I	GCF_000970265.1_NZ_CP009515_01460	GCF_000970265.1_NZ_CP009515_01464	GCF_000970265.1_NZ_CP009515_01460,GCF_000970265.1_NZ_CP009515_01461,GCF_000970265.1_NZ_CP009515_01462,GCF_000970265.1_NZ_CP009515_01463,GCF_000970265.1_NZ_CP009515_01464	5	BREX__brxB_DUF1788,BREX__brxC,BREX__pglX1,BREX__pglZA,BREX__brxL	WP_232308746.1,MSLAZ_RS07215,MSLAZ_RS07220,MSLAZ_RS07225,MSLAZ_RS07230	Archaea	Euryarchaeota	Methanomicrobia	Methanosarcinales	Methanosarcinaceae	Methanosarcina	Methanosarcina lacustris	GCF_000970265_NZ_CP009515_BREX_I_4	3
GCF_002813775.1	BREX	BREX_II	GCF_002813775.1_NZ_CP020371_00315	GCF_002813775.1_NZ_CP020371_00318	GCF_002813775.1_NZ_CP020371_00315,GCF_002813775.1_NZ_CP020371_00316,GCF_002813775.1_NZ_CP020371_00317,GCF_002813775.1_NZ_CP020371_00318	4	BREX__brxHI,BREX__brxD,BREX__pglZ2,BREX__pglY	WP_100922882.1,THSYN_RS30790,THSYN_RS30795,WP_100922885.1	Bacteria	Pseudomonadota	Gammaproteobacteria	Chromatiales	Chromatiaceae	Thiodictyon	Candidatus Thiodictyon syntrophicum	GCF_002813775_NZ_CP020371_BREX_II_2	3
GCF_002813775.1	BREX	BREX_I	GCF_002813775.1_NZ_CP020370_02796	GCF_002813775.1_NZ_CP020370_02804	GCF_002813775.1_NZ_CP020370_02796,GCF_002813775.1_NZ_CP020370_02803,GCF_002813775.1_NZ_CP020370_02804	3	BREX__brxC,BREX__pglZB,BREX__brxL	THSYN_RS13895,THSYN_RS13930,THSYN_RS13935	Bacteria	Pseudomonadota	Gammaproteobacteria	Chromatiales	Chromatiaceae	Thiodictyon	Candidatus Thiodictyon syntrophicum	GCF_002813775_NZ_CP020370_BREX_I_3	3
GCF_000013445.1	BREX	BREX_I	GCF_000013445.1_NC_007796_01145	GCF_000013445.1_NC_007796_01153	GCF_000013445.1_NC_007796_01145,GCF_000013445.1_NC_007796_01146,GCF_000013445.1_NC_007796_01149,GCF_000013445.1_NC_007796_01152,GCF_000013445.1_NC_007796_01153	5	BREX__brxL,BREX__pglZB,BREX__pglX1,BREX__brxC,BREX__brxB_DUF1788	MHUN_RS05635,MHUN_RS05640,WP_011448108.1,MHUN_RS05665,WP_011448111.1	Archaea	Euryarchaeota	Methanomicrobia	Methanomicrobiales	Methanospirillaceae	Methanospirillum	Methanospirillum hungatei	GCF_000013445_NC_007796_BREX_I_3	3
GCF_001447075.1	BREX	BREX_II	GCF_001447075.1_NZ_CP013219_05792	GCF_001447075.1_NZ_CP013219_05797	GCF_001447075.1_NZ_CP013219_05792,GCF_001447075.1_NZ_CP013219_05793,GCF_001447075.1_NZ_CP013219_05794,GCF_001447075.1_NZ_CP013219_05795,GCF_001447075.1_NZ_CP013219_05796,GCF_001447075.1_NZ_CP013219_05797	6	BREX__brxHI,BREX__brxD,BREX__pglZ2,BREX__pglY,BREX__pglX2,BREX__pglW	WP_058082288.1,SHL15_RS28200,SHL15_RS28205,WP_058082291.1,SHL15_RS28215,SHL15_RS28220	Bacteria	Actinomycetota	Actinomycetes	Kitasatosporales	Streptomycetaceae	Streptomyces	Streptomyces hygroscopicus	GCF_001447075_NZ_CP013219_BREX_II_5	3
GCF_001447075.1	BREX	BREX_II	GCF_001447075.1_NZ_CP013219_06284	GCF_001447075.1_NZ_CP013219_06289	GCF_001447075.1_NZ_CP013219_06284,GCF_001447075.1_NZ_CP013219_06285,GCF_001447075.1_NZ_CP013219_06286,GCF_001447075.1_NZ_CP013219_06287,GCF_001447075.1_NZ_CP013219_06288,GCF_001447075.1_NZ_CP013219_06289	6	BREX__brxHI,BREX__brxD,BREX__pglZ2,BREX__pglY,BREX__pglX2,BREX__pglW	WP_058082602.1,SHL15_RS30575,SHL15_RS30580,WP_058082605.1,SHL15_RS30590,SHL15_RS30595	Bacteria	Actinomycetota	Actinomycetes	Kitasatosporales	Streptomycetaceae	Streptomyces	Streptomyces hygroscopicus	GCF_001447075_NZ_CP013219_BREX_II_6	3
GCF_000970265.1	BREX	BREX_III	GCF_000970265.1_NZ_CP009515_01472	GCF_000970265.1_NZ_CP009515_01477	GCF_000970265.1_NZ_CP009515_01472,GCF_000970265.1_NZ_CP009515_01475,GCF_000970265.1_NZ_CP009515_01476,GCF_000970265.1_NZ_CP009515_01477	4	BREX__brxF,BREX__pglXI,BREX__brxHII,BREX__pglZ3	MSLAZ_RS07270,WP_048125640.1,WP_048129147.1,MSLAZ_RS07295	Archaea	Euryarchaeota	Methanomicrobia	Methanosarcinales	Methanosarcinaceae	Methanosarcina	Methanosarcina lacustris	GCF_000970265_NZ_CP009515_BREX_III_6	3
GCF_002813775.1	BREX	BREX_I	GCF_002813775.1_NZ_CP020370_04087	GCF_002813775.1_NZ_CP020370_04101	GCF_002813775.1_NZ_CP020370_04087,GCF_002813775.1_NZ_CP020370_04088,GCF_002813775.1_NZ_CP020370_04090,GCF_002813775.1_NZ_CP020370_04095,GCF_002813775.1_NZ_CP020370_04099,GCF_002813775.1_NZ_CP020370_04101	6	BREX__brxA_DUF1819,BREX__brxB_DUF1788,BREX__brxC,BREX__pglX1,BREX__pglZA,BREX__brxL	WP_100920745.1,WP_100920746.1,THSYN_RS20415,THSYN_RS20440,THSYN_RS20460,THSYN_RS20470	Bacteria	Pseudomonadota	Gammaproteobacteria	Chromatiales	Chromatiaceae	Thiodictyon	Candidatus Thiodictyon syntrophicum	GCF_002813775_NZ_CP020370_BREX_I_4	3
GCF_004135735.1	BREX	BREX	GCF_004135735.1_NZ_CP012670_07158	GCF_004135735.1_NZ_CP012670_07165	GCF_004135735.1_NZ_CP012670_07158,GCF_004135735.1_NZ_CP012670_07159,GCF_004135735.1_NZ_CP012670_07160,GCF_004135735.1_NZ_CP012670_07162,GCF_004135735.1_NZ_CP012670_07163,GCF_004135735.1_NZ_CP012670_07164,GCF_004135735.1_NZ_CP012670_07165	7	BREX__brxL,BREX__pglZA,BREX__pglX1,BREX__brxC,BREX__brxB_DUF1788,BREX__brxA_DUF1819,BREX__brxE	SOCEGT47_RS35850,WP_242515535.1,WP_242515536.1,SOCEGT47_RS35865,WP_129354459.1,WP_129354461.1,WP_242515537.1	Bacteria	Myxococcota		Polyangiales	Polyangiaceae	Sorangium	Sorangium cellulosum	GCF_004135735_NZ_CP012670_BREX_3	3
GCF_002946835.1	BREX	BREX_II	GCF_002946835.1_NZ_CP026652_05649	GCF_002946835.1_NZ_CP026652_05654	GCF_002946835.1_NZ_CP026652_05649,GCF_002946835.1_NZ_CP026652_05650,GCF_002946835.1_NZ_CP026652_05651,GCF_002946835.1_NZ_CP026652_05652,GCF_002946835.1_NZ_CP026652_05653,GCF_002946835.1_NZ_CP026652_05654	6	BREX__pglW,BREX__pglX2,BREX__pglY,BREX__pglZ2,BREX__brxD,BREX__brxHI	C4B68_RS28480,C4B68_RS28485,WP_099504556.1,C4B68_RS28495,C4B68_RS28500,WP_099504559.1	Bacteria	Actinomycetota	Actinomycetes	Kitasatosporales	Streptomycetaceae	Streptomyces	Streptomyces dengpaensis	GCF_002946835_NZ_CP026652_BREX_II_6	3
GCF_000024805.1	BREX	BREX_II	GCF_000024805.1_NC_013440_01210	GCF_000024805.1_NC_013440_01215	GCF_000024805.1_NC_013440_01210,GCF_000024805.1_NC_013440_01211,GCF_000024805.1_NC_013440_01212,GCF_000024805.1_NC_013440_01213,GCF_000024805.1_NC_013440_01214,GCF_000024805.1_NC_013440_01215	6	BREX__pglW,BREX__pglX2,BREX__pglY,BREX__pglZ2,BREX__brxD,BREX__brxHI	WP_012826379.1,HOCH_RS05780,WP_012826381.1,HOCH_RS05790,HOCH_RS05795,WP_012826384.1	Bacteria	Myxococcota		Haliangiales	Kofleriaceae	Haliangium	Haliangium ochraceum	GCF_000024805_NC_013440_BREX_II_4	3
GCF_000013445.1	BREX	BREX_I	GCF_000013445.1_NC_007796_01991	GCF_000013445.1_NC_007796_01993	GCF_000013445.1_NC_007796_01991,GCF_000013445.1_NC_007796_01992,GCF_000013445.1_NC_007796_01993	3	BREX__brxB_DUF1788,BREX__brxC,BREX__pglX1	WP_011448872.1,MHUN_RS09850,MHUN_RS09855	Archaea	Euryarchaeota	Methanomicrobia	Methanomicrobiales	Methanospirillaceae	Methanospirillum	Methanospirillum hungatei	GCF_000013445_NC_007796_BREX_I_4	3
GCF_000024805.1	BREX	BREX_VI	GCF_000024805.1_NC_013440_00612	GCF_000024805.1_NC_013440_00619	GCF_000024805.1_NC_013440_00612,GCF_000024805.1_NC_013440_00614,GCF_000024805.1_NC_013440_00615,GCF_000024805.1_NC_013440_00616,GCF_000024805.1_NC_013440_00617,GCF_000024805.1_NC_013440_00618,GCF_000024805.1_NC_013440_00619	7	BREX__brxE,BREX__brxB_DUF1788,BREX__brxC,BREX__pglX1,BREX__pglZA,BREX__brxD,BREX__brxHI	HOCH_RS03005,WP_012825863.1,HOCH_RS03020,HOCH_RS03025,HOCH_RS03030,HOCH_RS03035,WP_012825868.1	Bacteria	Myxococcota		Haliangiales	Kofleriaceae	Haliangium	Haliangium ochraceum	GCF_000024805_NC_013440_BREX_VI_5	3
GCF_004135735.1	BREX	BREX_II	GCF_004135735.1_NZ_CP012670_02880	GCF_004135735.1_NZ_CP012670_02882	GCF_004135735.1_NZ_CP012670_02880,GCF_004135735.1_NZ_CP012670_02881,GCF_004135735.1_NZ_CP012670_02882	3	BREX__brxHI,BREX__brxD,BREX__pglZA	WP_129347572.1,SOCEGT47_RS14425,SOCEGT47_RS14430	Bacteria	Myxococcota		Polyangiales	Polyangiaceae	Sorangium	Sorangium cellulosum	GCF_004135735_NZ_CP012670_BREX_II_5	3
GCF_000013445.1	BREX	BREX_I	GCF_000013445.1_NC_007796_02002	GCF_000013445.1_NC_007796_02004	GCF_000013445.1_NC_007796_02002,GCF_000013445.1_NC_007796_02003,GCF_000013445.1_NC_007796_02004	3	BREX__pglX1,BREX__pglZA,BREX__brxL	MHUN_RS09895,MHUN_RS09900,MHUN_RS09905	Archaea	Euryarchaeota	Methanomicrobia	Methanomicrobiales	Methanospirillaceae	Methanospirillum	Methanospirillum hungatei	GCF_000013445_NC_007796_BREX_I_5	3
GCF_004135735.1	BREX	BREX_II	GCF_004135735.1_NZ_CP012670_01095	GCF_004135735.1_NZ_CP012670_01102	GCF_004135735.1_NZ_CP012670_01095,GCF_004135735.1_NZ_CP012670_01096,GCF_004135735.1_NZ_CP012670_01097,GCF_004135735.1_NZ_CP012670_01098,GCF_004135735.1_NZ_CP012670_01099,GCF_004135735.1_NZ_CP012670_01102	6	BREX__brxHI,BREX__brxD,BREX__pglZ2,BREX__pglY,BREX__pglX2,BREX__pglW	WP_129345931.1,SOCEGT47_RS05490,SOCEGT47_RS05495,WP_129345937.1,SOCEGT47_RS05505,WP_165373044.1	Bacteria	Myxococcota		Polyangiales	Polyangiaceae	Sorangium	Sorangium cellulosum	GCF_004135735_NZ_CP012670_BREX_II_4	3
GCF_002946835.1	BREX	BREX_II	GCF_002946835.1_NZ_CP026652_01897	GCF_002946835.1_NZ_CP026652_01907	GCF_002946835.1_NZ_CP026652_01897,GCF_002946835.1_NZ_CP026652_01898,GCF_002946835.1_NZ_CP026652_01904,GCF_002946835.1_NZ_CP026652_01905,GCF_002946835.1_NZ_CP026652_01906,GCF_002946835.1_NZ_CP026652_01907	6	BREX__pglW,BREX__pglX2,BREX__pglY,BREX__pglZ2,BREX__brxD,BREX__brxHI	C4B68_RS09490,C4B68_RS09495,WP_099498944.1,C4B68_RS09530,C4B68_RS09535,WP_099498947.1	Bacteria	Actinomycetota	Actinomycetes	Kitasatosporales	Streptomycetaceae	Streptomyces	Streptomyces dengpaensis	GCF_002946835_NZ_CP026652_BREX_II_5	3
GCF_000024805.1	BREX	BREX_VI	GCF_000024805.1_NC_013440_01240	GCF_000024805.1_NC_013440_01247	GCF_000024805.1_NC_013440_01240,GCF_000024805.1_NC_013440_01242,GCF_000024805.1_NC_013440_01243,GCF_000024805.1_NC_013440_01244,GCF_000024805.1_NC_013440_01245,GCF_000024805.1_NC_013440_01246,GCF_000024805.1_NC_013440_01247	7	BREX__brxE,BREX__brxB_DUF1788,BREX__brxC,BREX__pglX1,BREX__pglZA,BREX__brxD,BREX__brxHI	HOCH_RS05925,WP_012825863.1,HOCH_RS05940,HOCH_RS05945,HOCH_RS05950,HOCH_RS05955,WP_012826409.1	Bacteria	Myxococcota		Haliangiales	Kofleriaceae	Haliangium	Haliangium ochraceum	GCF_000024805_NC_013440_BREX_VI_6	3
GCF_000020025.1	BREX	BREX_I	GCF_000020025.1_NC_010628_05876	GCF_000020025.1_NC_010628_05883	GCF_000020025.1_NC_010628_05876,GCF_000020025.1_NC_010628_05877,GCF_000020025.1_NC_010628_05878,GCF_000020025.1_NC_010628_05881,GCF_000020025.1_NC_010628_05882,GCF_000020025.1_NC_010628_05883	6	BREX__brxB_DUF1788,BREX__brxC,BREX__pglX1,BREX__pglZA,BREX__brxL,BREX__brxA_DUF1819	WP_012411903.1,NPUN_RS28630,NPUN_RS28635,NPUN_RS28650,NPUN_RS28655,WP_202947520.1	Bacteria	Cyanobacteriota	Cyanophyceae	Nostocales	Nostocaceae	Nostoc	Nostoc punctiforme	GCF_000020025_NC_010628_BREX_I_3	2
GCF_016767175.1	BREX	BREX_I	GCF_016767175.1_NZ_CP068564_01368	GCF_016767175.1_NZ_CP068564_01374	GCF_016767175.1_NZ_CP068564_01368,GCF_016767175.1_NZ_CP068564_01369,GCF_016767175.1_NZ_CP068564_01370,GCF_016767175.1_NZ_CP068564_01371,GCF_016767175.1_NZ_CP068564_01372,GCF_016767175.1_NZ_CP068564_01373,GCF_016767175.1_NZ_CP068564_01374	7	BREX__brxL,BREX__pglZA,BREX__pglX1,BREX__pglX1,BREX__brxC,BREX__brxB_DUF1788,BREX__brxA_DUF1819	JL105_RS06885,JL105_RS06890,JL105_RS06895,JL105_RS06900,JL105_RS06905,WP_132026819.1,WP_132026821.1	Bacteria	Bacillota	Tissierellia	Tissierellales	Tepidimicrobiaceae	Keratinibaculum	Keratinibaculum paraultunense	GCF_016767175_NZ_CP068564_BREX_I_3	2
GCF_001742225.1	BREX	BREX_I	GCF_001742225.1_NZ_CP017076_01294	GCF_001742225.1_NZ_CP017076_01299	GCF_001742225.1_NZ_CP017076_01294,GCF_001742225.1_NZ_CP017076_01295,GCF_001742225.1_NZ_CP017076_01296,GCF_001742225.1_NZ_CP017076_01297,GCF_001742225.1_NZ_CP017076_01298,GCF_001742225.1_NZ_CP017076_01299	6	BREX__brxA_DUF1819,BREX__brxB_DUF1788,BREX__brxC,BREX__pglX1,BREX__pglZA,BREX__brxL	WP_069709526.1,WP_069709527.1,BES08_RS24075,BES08_RS24080,BES08_RS24085,BES08_RS24090	Bacteria	Pseudomonadota	Alphaproteobacteria	Sphingomonadales	Sphingomonadaceae	Novosphingobium	Novosphingobium resinovorum	GCF_001742225_NZ_CP017076_BREX_I_2	2
GCF_001742225.1	BREX	BREX_III	GCF_001742225.1_NZ_CP017075_02910	GCF_001742225.1_NZ_CP017075_02914	GCF_001742225.1_NZ_CP017075_02910,GCF_001742225.1_NZ_CP017075_02911,GCF_001742225.1_NZ_CP017075_02912,GCF_001742225.1_NZ_CP017075_02914	4	BREX__pglZ3,BREX__brxHII,BREX__pglXI,BREX__brxF	BES08_RS14225,WP_069708691.1,WP_069708692.1,BES08_RS14245	Bacteria	Pseudomonadota	Alphaproteobacteria	Sphingomonadales	Sphingomonadaceae	Novosphingobium	Novosphingobium resinovorum	GCF_001742225_NZ_CP017075_BREX_III_2	2
GCF_012935125.1	BREX	BREX_I	GCF_012935125.1_NZ_CP050433_00091	GCF_012935125.1_NZ_CP050433_00097	GCF_012935125.1_NZ_CP050433_00091,GCF_012935125.1_NZ_CP050433_00092,GCF_012935125.1_NZ_CP050433_00094,GCF_012935125.1_NZ_CP050433_00095,GCF_012935125.1_NZ_CP050433_00096,GCF_012935125.1_NZ_CP050433_00097	6	BREX__brxL,BREX__pglZA,BREX__pglX1,BREX__brxC,BREX__brxB_DUF1788,BREX__brxA_DUF1819	HB663_RS19290,HB663_RS19295,HB663_RS19305,HB663_RS19310,WP_005115117.1,WP_005115118.1	Bacteria	Pseudomonadota	Gammaproteobacteria	Moraxellales	Moraxellaceae	Acinetobacter	Acinetobacter baumannii	GCF_012935125_NZ_CP050433_BREX_I_2	2
GCF_012935125.1	BREX	BREX_I	GCF_012935125.1_NZ_CP050432_02612	GCF_012935125.1_NZ_CP050432_02620	GCF_012935125.1_NZ_CP050432_02612,GCF_012935125.1_NZ_CP050432_02613,GCF_012935125.1_NZ_CP050432_02617,GCF_012935125.1_NZ_CP050432_02618,GCF_012935125.1_NZ_CP050432_02619,GCF_012935125.1_NZ_CP050432_02620	6	BREX__brxL,BREX__pglZA,BREX__pglX1,BREX__brxC,BREX__brxB_DUF1788,BREX__brxA_DUF1819	HB663_RS13045,HB663_RS13050,HB663_RS13070,HB663_RS13075,WP_000030108.1,WP_000892997.1	Bacteria	Pseudomonadota	Gammaproteobacteria	Moraxellales	Moraxellaceae	Acinetobacter	Acinetobacter baumannii	GCF_012935125_NZ_CP050432_BREX_I_2	2
GCF_016804345.1	BREX	BREX_II	GCF_016804345.1_NZ_CP044211_02830	GCF_016804345.1_NZ_CP044211_02841	GCF_016804345.1_NZ_CP044211_02830,GCF_016804345.1_NZ_CP044211_02831,GCF_016804345.1_NZ_CP044211_02835,GCF_016804345.1_NZ_CP044211_02836,GCF_016804345.1_NZ_CP044211_02837,GCF_016804345.1_NZ_CP044211_02841	6	BREX__pglW,BREX__pglX2,BREX__pglY,BREX__pglZ2,BREX__brxD,BREX__brxHI	F1734_RS14115,F1734_RS14120,WP_203010703.1,F1734_RS14145,F1734_RS14150,WP_203010707.1	Bacteria	Actinomycetota	Actinomycetes	Mycobacteriales	Nocardiaceae	Rhodococcus	Rhodococcus ruber	GCF_016804345_NZ_CP044211_BREX_II_4	2
GCF_016804345.1	BREX	BREX_I	GCF_016804345.1_NZ_CP044211_02009	GCF_016804345.1_NZ_CP044211_02015	GCF_016804345.1_NZ_CP044211_02009,GCF_016804345.1_NZ_CP044211_02010,GCF_016804345.1_NZ_CP044211_02011,GCF_016804345.1_NZ_CP044211_02012,GCF_016804345.1_NZ_CP044211_02014,GCF_016804345.1_NZ_CP044211_02015	6	BREX__brxA_DUF1819,BREX__brxB_DUF1788,BREX__brxC,BREX__pglX1,BREX__pglZA,BREX__brxL	WP_203011584.1,WP_203011585.1,F1734_RS10025,F1734_RS10030,F1734_RS10040,F1734_RS10045	Bacteria	Actinomycetota	Actinomycetes	Mycobacteriales	Nocardiaceae	Rhodococcus	Rhodococcus ruber	GCF_016804345_NZ_CP044211_BREX_I_3	2
GCF_022024195.1	BREX	BREX_III	GCF_022024195.1_NZ_CP091795_00512	GCF_022024195.1_NZ_CP091795_00515	GCF_022024195.1_NZ_CP091795_00512,GCF_022024195.1_NZ_CP091795_00514,GCF_022024195.1_NZ_CP091795_00515	3	BREX__brxF,BREX__pglXI,BREX__pglZ3	WP_237797819.1,WP_237797821.1,WP_237797822.1	Bacteria	Bacteroidota	Bacteroidia	Bacteroidales	Prevotellaceae	Prevotella	Prevotella bryantii	GCF_022024195_NZ_CP091795_BREX_III_2	2
GCF_022024195.1	BREX	BREX_I	GCF_022024195.1_NZ_CP091796_01742	GCF_022024195.1_NZ_CP091796_01747	GCF_022024195.1_NZ_CP091796_01742,GCF_022024195.1_NZ_CP091796_01743,GCF_022024195.1_NZ_CP091796_01744,GCF_022024195.1_NZ_CP091796_01745,GCF_022024195.1_NZ_CP091796_01746,GCF_022024195.1_NZ_CP091796_01747	6	BREX__brxA_DUF1819,BREX__brxB_DUF1788,BREX__brxC,BREX__pglX1,BREX__pglZA,BREX__brxL	WP_237798699.1,WP_237798700.1,L6467_RS12860,L6467_RS12865,WP_237798703.1,L6467_RS12875	Bacteria	Bacteroidota	Bacteroidia	Bacteroidales	Prevotellaceae	Prevotella	Prevotella bryantii	GCF_022024195_NZ_CP091796_BREX_I_2	2
GCF_003671915.1	BREX	BREX_I	GCF_003671915.1_NZ_CP032153_00674	GCF_003671915.1_NZ_CP032153_00681	GCF_003671915.1_NZ_CP032153_00674,GCF_003671915.1_NZ_CP032153_00675,GCF_003671915.1_NZ_CP032153_00677,GCF_003671915.1_NZ_CP032153_00679,GCF_003671915.1_NZ_CP032153_00680,GCF_003671915.1_NZ_CP032153_00681	6	BREX__brxL,BREX__pglZA,BREX__pglX1,BREX__brxC,BREX__brxB_DUF1788,BREX__brxA_DUF1819	D3M96_RS03400,WP_121738026.1,D3M96_RS03415,D3M96_RS03425,WP_121738030.1,WP_162988098.1	Bacteria	Pseudomonadota	Betaproteobacteria	Burkholderiales	Alcaligenaceae	Alcaligenes	Alcaligenes aquatilis	GCF_003671915_NZ_CP032153_BREX_I_4	2
GCF_003671915.1	BREX	BREX_I	GCF_003671915.1_NZ_CP032153_00413	GCF_003671915.1_NZ_CP032153_00422	GCF_003671915.1_NZ_CP032153_00413,GCF_003671915.1_NZ_CP032153_00414,GCF_003671915.1_NZ_CP032153_00415,GCF_003671915.1_NZ_CP032153_00416,GCF_003671915.1_NZ_CP032153_00419,GCF_003671915.1_NZ_CP032153_00421,GCF_003671915.1_NZ_CP032153_00422	7	BREX__brxA_DUF1819,BREX__brxB_DUF1788,BREX__brxC,BREX__pglX1,BREX__pglX1,BREX__pglZA,BREX__brxL	WP_121737844.1,WP_121737845.1,D3M96_RS02075,D3M96_RS02080,D3M96_RS02095,D3M96_RS02105,D3M96_RS02110	Bacteria	Pseudomonadota	Betaproteobacteria	Burkholderiales	Alcaligenaceae	Alcaligenes	Alcaligenes aquatilis	GCF_003671915_NZ_CP032153_BREX_I_3	2
GCF_000020025.1	BREX	BREX	GCF_000020025.1_NC_010628_02402	GCF_000020025.1_NC_010628_02407	GCF_000020025.1_NC_010628_02402,GCF_000020025.1_NC_010628_02404,GCF_000020025.1_NC_010628_02405,GCF_000020025.1_NC_010628_02406,GCF_000020025.1_NC_010628_02407	5	BREX__brxHI,BREX__brxD,BREX__pglZA,BREX__pglX1,BREX__brxC	WP_202947538.1,NPUN_RS11725,NPUN_RS11730,NPUN_RS11735,WP_052304589.1	Bacteria	Cyanobacteriota	Cyanophyceae	Nostocales	Nostocaceae	Nostoc	Nostoc punctiforme	GCF_000020025_NC_010628_BREX_1	2
GCF_016767175.1	BREX	BREX_III	GCF_016767175.1_NZ_CP068564_00439	GCF_016767175.1_NZ_CP068564_00443	GCF_016767175.1_NZ_CP068564_00439,GCF_016767175.1_NZ_CP068564_00441,GCF_016767175.1_NZ_CP068564_00442,GCF_016767175.1_NZ_CP068564_00443	4	BREX__brxF,BREX__pglXI,BREX__brxHII,BREX__pglZ3	JL105_RS02215,WP_170169650.1,WP_202690578.1,JL105_RS02235	Bacteria	Bacillota	Tissierellia	Tissierellales	Tepidimicrobiaceae	Keratinibaculum	Keratinibaculum paraultunense	GCF_016767175_NZ_CP068564_BREX_III_4	2
GCF_007859675.1	BREX	BREX_I	GCF_007859675.1_NZ_CP042305_03513	GCF_007859675.1_NZ_CP042305_03523	GCF_007859675.1_NZ_CP042305_03513,GCF_007859675.1_NZ_CP042305_03514,GCF_007859675.1_NZ_CP042305_03515,GCF_007859675.1_NZ_CP042305_03516,GCF_007859675.1_NZ_CP042305_03522,GCF_007859675.1_NZ_CP042305_03523	6	BREX__brxA_DUF1819,BREX__brxB_DUF1788,BREX__brxC,BREX__pglX1,BREX__pglZA,BREX__brxL	WP_146322293.1,WP_246846357.1,FPZ11_RS17385,FPZ11_RS17390,FPZ11_RS17420,FPZ11_RS17425	Bacteria	Actinomycetota	Actinomycetes	Micrococcales	Microbacteriaceae	Humibacter	Humibacter ginsenosidimutans	GCF_007859675_NZ_CP042305_BREX_I_4	2
GCF_007859675.1	BREX	BREX_I	GCF_007859675.1_NZ_CP042305_01567	GCF_007859675.1_NZ_CP042305_01571	GCF_007859675.1_NZ_CP042305_01567,GCF_007859675.1_NZ_CP042305_01568,GCF_007859675.1_NZ_CP042305_01569,GCF_007859675.1_NZ_CP042305_01570,GCF_007859675.1_NZ_CP042305_01571	5	BREX__brxL,BREX__pglZB,BREX__pglX1,BREX__brxC,BREX__brxB_DUF1788	FPZ11_RS07795,FPZ11_RS07800,WP_146319803.1,FPZ11_RS07810,WP_129392764.1	Bacteria	Actinomycetota	Actinomycetes	Micrococcales	Microbacteriaceae	Humibacter	Humibacter ginsenosidimutans	GCF_007859675_NZ_CP042305_BREX_I_3	2
GCF_023700225.1	BREX	BREX_I	GCF_023700225.1_NZ_CP097897_00554	GCF_023700225.1_NZ_CP097897_00561	GCF_023700225.1_NZ_CP097897_00554,GCF_023700225.1_NZ_CP097897_00556,GCF_023700225.1_NZ_CP097897_00557,GCF_023700225.1_NZ_CP097897_00558,GCF_023700225.1_NZ_CP097897_00559,GCF_023700225.1_NZ_CP097897_00560,GCF_023700225.1_NZ_CP097897_00561	7	BREX__brxA_DUF1819,BREX__brxB_DUF1788,BREX__brxC,BREX__brxC,BREX__pglX1,BREX__pglZA,BREX__brxL	WP_250934579.1,WP_250936216.1,CHL1_RS02785,WP_250934581.1,CHL1_RS02795,CHL1_RS02800,CHL1_RS02805	Bacteria	Bacillota	Clostridia	Eubacteriales	Eubacteriaceae	Acetobacterium	Acetobacterium wieringae	GCF_023700225_NZ_CP097897_BREX_I_4	2
GCF_023674465.1	BREX	BREX_I	GCF_023674465.1_NZ_CP098400_00958	GCF_023674465.1_NZ_CP098400_00967	GCF_023674465.1_NZ_CP098400_00958,GCF_023674465.1_NZ_CP098400_00959,GCF_023674465.1_NZ_CP098400_00962,GCF_023674465.1_NZ_CP098400_00964,GCF_023674465.1_NZ_CP098400_00965,GCF_023674465.1_NZ_CP098400_00966,GCF_023674465.1_NZ_CP098400_00967	7	BREX__brxL,BREX__pglZA,BREX__pglX1,BREX__pglX1,BREX__brxC,BREX__brxB_DUF1788,BREX__brxA_DUF1819	M9189_RS04795,M9189_RS04800,WP_250725044.1,M9189_RS04825,M9189_RS04830,WP_250725048.1,WP_250725049.1	Bacteria	Bacteroidota	Bacteroidia	Marinilabiliales	Marinilabiliaceae	Alkaliflexus	Alkaliflexus sp. Ai-910	GCF_023674465_NZ_CP098400_BREX_I_2	2
GCF_001854245.1	BREX	BREX_III	GCF_001854245.1_NZ_CP015381_00615	GCF_001854245.1_NZ_CP015381_00621	GCF_001854245.1_NZ_CP015381_00615,GCF_001854245.1_NZ_CP015381_00617,GCF_001854245.1_NZ_CP015381_00620,GCF_001854245.1_NZ_CP015381_00621	4	BREX__brxF,BREX__pglXI,BREX__brxHII,BREX__pglZ3	dmul_RS03040,WP_020876160.1,WP_020876163.1,dmul_RS03070	Bacteria	Thermodesulfobacteriota	Desulfobacteria	Desulfobacterales	Desulfococcaceae	Desulfococcus	Desulfococcus multivorans	GCF_001854245_NZ_CP015381_BREX_III_2	2
GCF_023674465.1	BREX	BREX_IV	GCF_023674465.1_NZ_CP098400_01232	GCF_023674465.1_NZ_CP098400_01235	GCF_023674465.1_NZ_CP098400_01232,GCF_023674465.1_NZ_CP098400_01233,GCF_023674465.1_NZ_CP098400_01234,GCF_023674465.1_NZ_CP098400_01235	4	BREX__brxP,BREX__brxC4,BREX__pglZ4,BREX__brxL	WP_250725435.1,WP_250725436.1,M9189_RS06175,M9189_RS06180	Bacteria	Bacteroidota	Bacteroidia	Marinilabiliales	Marinilabiliaceae	Alkaliflexus	Alkaliflexus sp. Ai-910	GCF_023674465_NZ_CP098400_BREX_IV_3	2
GCF_019056555.1	BREX	BREX_I	GCF_019056555.1_NZ_CP020473_01127	GCF_019056555.1_NZ_CP020473_01135	GCF_019056555.1_NZ_CP020473_01127,GCF_019056555.1_NZ_CP020473_01128,GCF_019056555.1_NZ_CP020473_01132,GCF_019056555.1_NZ_CP020473_01133,GCF_019056555.1_NZ_CP020473_01134,GCF_019056555.1_NZ_CP020473_01135	6	BREX__brxL,BREX__pglZA,BREX__pglX1,BREX__brxC,BREX__brxB_DUF1788,BREX__brxA_DUF1819	B5S50_RS05635,B5S50_RS05640,B5S50_RS05660,B5S50_RS05665,WP_217303322.1,WP_217303323.1	Bacteria	Bacillota	Clostridia	Eubacteriales	Clostridiaceae	Clostridium	Clostridium sp. 001	GCF_019056555_NZ_CP020473_BREX_I_3	2
GCF_019056555.1	BREX	BREX_VI	GCF_019056555.1_NZ_CP020473_00504	GCF_019056555.1_NZ_CP020473_00509	GCF_019056555.1_NZ_CP020473_00504,GCF_019056555.1_NZ_CP020473_00505,GCF_019056555.1_NZ_CP020473_00506,GCF_019056555.1_NZ_CP020473_00507,GCF_019056555.1_NZ_CP020473_00508,GCF_019056555.1_NZ_CP020473_00509	6	BREX__pglZA,BREX__pglX1,BREX__brxC,BREX__brxB_DUF1788,BREX__brxA_DUF1819,BREX__brxE	WP_217302993.1,WP_217302994.1,B5S50_RS02530,WP_217302996.1,WP_217302997.1,WP_217302998.1	Bacteria	Bacillota	Clostridia	Eubacteriales	Clostridiaceae	Clostridium	Clostridium sp. 001	GCF_019056555_NZ_CP020473_BREX_VI_4	2
GCF_009914395.1	BREX	BREX_I	GCF_009914395.1_NZ_CP045124_00091	GCF_009914395.1_NZ_CP045124_00097	GCF_009914395.1_NZ_CP045124_00091,GCF_009914395.1_NZ_CP045124_00092,GCF_009914395.1_NZ_CP045124_00094,GCF_009914395.1_NZ_CP045124_00095,GCF_009914395.1_NZ_CP045124_00096,GCF_009914395.1_NZ_CP045124_00097	6	BREX__brxL,BREX__pglZA,BREX__pglX1,BREX__brxC,BREX__brxB_DUF1788,BREX__brxA_DUF1819	GA646_RS00510,GA646_RS00515,GA646_RS00525,GA646_RS00530,WP_096902453.1,WP_096902446.1	Bacteria	Pseudomonadota	Gammaproteobacteria	Moraxellales	Moraxellaceae	Acinetobacter	Acinetobacter indicus	GCF_009914395_NZ_CP045124_BREX_I_2	2
GCF_009914395.1	BREX	BREX_I	GCF_009914395.1_NZ_CP045128_00001	GCF_009914395.1_NZ_CP045128_00104	GCF_009914395.1_NZ_CP045128_00001,GCF_009914395.1_NZ_CP045128_00002,GCF_009914395.1_NZ_CP045128_00101,GCF_009914395.1_NZ_CP045128_00102,GCF_009914395.1_NZ_CP045128_00103,GCF_009914395.1_NZ_CP045128_00104	6	BREX__pglZA,BREX__brxL,BREX__brxA_DUF1819,BREX__brxB_DUF1788,BREX__brxC,BREX__pglX1	GA646_RS15105,GA646_RS15110,WP_100355922.1,WP_100355921.1,GA646_RS15620,GA646_RS15625	Bacteria	Pseudomonadota	Gammaproteobacteria	Moraxellales	Moraxellaceae	Acinetobacter	Acinetobacter indicus	GCF_009914395_NZ_CP045128_BREX_I_2	2
GCF_001854245.1	BREX	BREX_IV	GCF_001854245.1_NZ_CP015381_03638	GCF_001854245.1_NZ_CP015381_03641	GCF_001854245.1_NZ_CP015381_03638,GCF_001854245.1_NZ_CP015381_03639,GCF_001854245.1_NZ_CP015381_03640,GCF_001854245.1_NZ_CP015381_03641	4	BREX__brxP,BREX__brxC4,BREX__pglZ4,BREX__brxL	WP_020878636.1,WP_020878637.1,dmul_RS18240,dmul_RS18245	Bacteria	Thermodesulfobacteriota	Desulfobacteria	Desulfobacterales	Desulfococcaceae	Desulfococcus	Desulfococcus multivorans	GCF_001854245_NZ_CP015381_BREX_IV_3	2
GCF_002224645.1	BREX	BREX_I	GCF_002224645.1_NZ_CP022121_00669	GCF_002224645.1_NZ_CP022121_00674	GCF_002224645.1_NZ_CP022121_00669,GCF_002224645.1_NZ_CP022121_00670,GCF_002224645.1_NZ_CP022121_00671,GCF_002224645.1_NZ_CP022121_00672,GCF_002224645.1_NZ_CP022121_00674	5	BREX__brxL,BREX__pglZA,BREX__pglX1,BREX__brxC,BREX__brxA_DUF1819	CEQ75_RS03400,WP_089609085.1,WP_089609086.1,WP_089609087.1,WP_089609089.1	Bacteria	Bacillota	Clostridia	Eubacteriales	Peptococcaceae	Dehalobacterium	Dehalobacterium formicoaceticum	GCF_002224645_NZ_CP022121_BREX_I_3	2
GCF_002009335.2	BREX	BREX_IV	GCF_002009335.2_NZ_CP019913_03633	GCF_002009335.2_NZ_CP019913_03636	GCF_002009335.2_NZ_CP019913_03633,GCF_002009335.2_NZ_CP019913_03634,GCF_002009335.2_NZ_CP019913_03635,GCF_002009335.2_NZ_CP019913_03636	4	BREX__brxP,BREX__brxC4,BREX__pglZ4,BREX__brxL	WP_020878636.1,WP_020878637.1,B2D07_RS18345,B2D07_RS18350	Bacteria	Thermodesulfobacteriota	Desulfobacteria	Desulfobacterales	Desulfococcaceae	Desulfococcus	Desulfococcus multivorans	GCF_002009335_NZ_CP019913_BREX_IV_3	2
GCF_019702905.1	BREX	BREX_I	GCF_019702905.1_NZ_AP024709_00085	GCF_019702905.1_NZ_AP024709_00090	GCF_019702905.1_NZ_AP024709_00085,GCF_019702905.1_NZ_AP024709_00086,GCF_019702905.1_NZ_AP024709_00087,GCF_019702905.1_NZ_AP024709_00088,GCF_019702905.1_NZ_AP024709_00089,GCF_019702905.1_NZ_AP024709_00090	6	BREX__brxL,BREX__pglZA,BREX__pglX1,BREX__brxC,BREX__brxB_DUF1788,BREX__brxA_DUF1819	TOL5_RS22150,TOL5_RS22155,TOL5_RS22160,TOL5_RS22165,WP_004281985.1,WP_100834298.1	Bacteria	Pseudomonadota	Gammaproteobacteria	Moraxellales	Moraxellaceae	Acinetobacter	Acinetobacter sp. Tol 5	GCF_019702905_NZ_AP024709_BREX_I_2	2
GCF_000266925.1	BREX	BREX_IV	GCF_000266925.1_NC_018024_01562	GCF_000266925.1_NC_018024_01566	GCF_000266925.1_NC_018024_01562,GCF_000266925.1_NC_018024_01563,GCF_000266925.1_NC_018024_01564,GCF_000266925.1_NC_018024_01566	4	BREX__brxL,BREX__pglZ4,BREX__brxC4,BREX__brxP	ANAMO_RS07775,ANAMO_RS07780,WP_169312880.1,WP_041459798.1	Bacteria	Synergistota	Synergistia	Synergistales	Acetomicrobiaceae	Acetomicrobium	Acetomicrobium mobile	GCF_000266925_NC_018024_BREX_IV_3	2
GCF_000266925.1	BREX	BREX_III	GCF_000266925.1_NC_018024_01855	GCF_000266925.1_NC_018024_01860	GCF_000266925.1_NC_018024_01855,GCF_000266925.1_NC_018024_01856,GCF_000266925.1_NC_018024_01858,GCF_000266925.1_NC_018024_01860	4	BREX__pglZ3,BREX__brxHII,BREX__pglXI,BREX__brxF	ANAMO_RS09225,WP_014807682.1,WP_014807684.1,ANAMO_RS10540	Bacteria	Synergistota	Synergistia	Synergistales	Acetomicrobiaceae	Acetomicrobium	Acetomicrobium mobile	GCF_000266925_NC_018024_BREX_III_2	2
GCF_000017565.1	BREX	BREX_III	GCF_000017565.1_NC_009719_03621	GCF_000017565.1_NC_009719_03627	GCF_000017565.1_NC_009719_03621,GCF_000017565.1_NC_009719_03625,GCF_000017565.1_NC_009719_03626,GCF_000017565.1_NC_009719_03627	4	BREX__brxF,BREX__pglXI,BREX__brxHII,BREX__pglZ3	PLAV_RS18030,WP_012110063.1,WP_245545183.1,PLAV_RS18060	Bacteria	Pseudomonadota	Alphaproteobacteria	Hyphomicrobiales	Parvibaculaceae	Parvibaculum	Parvibaculum lavamentivorans	GCF_000017565_NC_009719_BREX_III_4	2
GCF_000017565.1	BREX	BREX_III	GCF_000017565.1_NC_009719_01202	GCF_000017565.1_NC_009719_01208	GCF_000017565.1_NC_009719_01202,GCF_000017565.1_NC_009719_01203,GCF_000017565.1_NC_009719_01204,GCF_000017565.1_NC_009719_01208	4	BREX__pglZ3,BREX__brxHII,BREX__pglXI,BREX__brxF	PLAV_RS05990,WP_245545183.1,WP_012110063.1,PLAV_RS06020	Bacteria	Pseudomonadota	Alphaproteobacteria	Hyphomicrobiales	Parvibaculaceae	Parvibaculum	Parvibaculum lavamentivorans	GCF_000017565_NC_009719_BREX_III_3	2
GCF_001548335.1	BREX	BREX_I	GCF_001548335.1_NZ_AP017302_04720	GCF_001548335.1_NZ_AP017302_04730	GCF_001548335.1_NZ_AP017302_04720,GCF_001548335.1_NZ_AP017302_04721,GCF_001548335.1_NZ_AP017302_04722,GCF_001548335.1_NZ_AP017302_04727,GCF_001548335.1_NZ_AP017302_04728,GCF_001548335.1_NZ_AP017302_04729,GCF_001548335.1_NZ_AP017302_04730	7	BREX__brxL,BREX__pglZA,BREX__pglX1,BREX__pglX1,BREX__brxC,BREX__brxB_DUF1788,BREX__brxA_DUF1819	IOMTU133_RS23280,IOMTU133_RS23285,IOMTU133_RS32775,IOMTU133_RS23315,IOMTU133_RS23320,WP_196496458.1,WP_031639869.1	Bacteria	Pseudomonadota	Gammaproteobacteria	Pseudomonadales	Pseudomonadaceae	Pseudomonas	Pseudomonas aeruginosa	GCF_001548335_NZ_AP017302_BREX_I_3	2
GCF_001548335.1	BREX	BREX_III	GCF_001548335.1_NZ_AP017302_02377	GCF_001548335.1_NZ_AP017302_02385	GCF_001548335.1_NZ_AP017302_02377,GCF_001548335.1_NZ_AP017302_02381,GCF_001548335.1_NZ_AP017302_02384,GCF_001548335.1_NZ_AP017302_02385	4	BREX__brxF,BREX__pglXI,BREX__brxHII,BREX__pglZ3	IOMTU133_RS11680,WP_060853326.1,WP_060853053.1,IOMTU133_RS11720	Bacteria	Pseudomonadota	Gammaproteobacteria	Pseudomonadales	Pseudomonadaceae	Pseudomonas	Pseudomonas aeruginosa	GCF_001548335_NZ_AP017302_BREX_III_4	2
GCF_000145255.1	BREX	BREX_I	GCF_000145255.1_NC_014394_01527	GCF_000145255.1_NC_014394_01533	GCF_000145255.1_NC_014394_01527,GCF_000145255.1_NC_014394_01528,GCF_000145255.1_NC_014394_01531,GCF_000145255.1_NC_014394_01532,GCF_000145255.1_NC_014394_01533	5	BREX__brxB_DUF1788,BREX__brxC,BREX__pglX1,BREX__pglZB,BREX__brxL	WP_013293479.1,GALF_RS07565,WP_013293483.1,GALF_RS07585,GALF_RS07590	Bacteria	Pseudomonadota	Betaproteobacteria	Nitrosomonadales	Gallionellaceae	Gallionella	Gallionella capsiferriformans	GCF_000145255_NC_014394_BREX_I_3	2
GCF_000145255.1	BREX	BREX_I	GCF_000145255.1_NC_014394_00888	GCF_000145255.1_NC_014394_00893	GCF_000145255.1_NC_014394_00888,GCF_000145255.1_NC_014394_00889,GCF_000145255.1_NC_014394_00890,GCF_000145255.1_NC_014394_00893	4	BREX__brxA_DUF1819,BREX__brxB_DUF1788,BREX__brxC,BREX__pglX1	WP_013292855.1,WP_013292856.1,GALF_RS04415,GALF_RS04430	Bacteria	Pseudomonadota	Betaproteobacteria	Nitrosomonadales	Gallionellaceae	Gallionella	Gallionella capsiferriformans	GCF_000145255_NC_014394_BREX_I_2	2
GCF_003574835.2	BREX	BREX_II	GCF_003574835.2_NZ_CP063196_04111	GCF_003574835.2_NZ_CP063196_04119	GCF_003574835.2_NZ_CP063196_04111,GCF_003574835.2_NZ_CP063196_04112,GCF_003574835.2_NZ_CP063196_04113,GCF_003574835.2_NZ_CP063196_04114,GCF_003574835.2_NZ_CP063196_04119	5	BREX__brxD,BREX__pglZ2,BREX__pglY,BREX__pglX2,BREX__pglW	NI17_RS20560,NI17_RS20565,WP_068692654.1,NI17_RS20575,NI17_RS20600	Bacteria	Actinomycetota	Actinomycetes	Streptosporangiales	Nocardiopsaceae	Thermobifida	Thermobifida halotolerans	GCF_003574835_NZ_CP063196_BREX_II_4	2
GCF_002009335.2	BREX	BREX_III	GCF_002009335.2_NZ_CP019913_00613	GCF_002009335.2_NZ_CP019913_00619	GCF_002009335.2_NZ_CP019913_00613,GCF_002009335.2_NZ_CP019913_00615,GCF_002009335.2_NZ_CP019913_00618,GCF_002009335.2_NZ_CP019913_00619	4	BREX__brxF,BREX__pglXI,BREX__brxHII,BREX__pglZ3	B2D07_RS03085,WP_020876160.1,WP_020876163.1,B2D07_RS03115	Bacteria	Thermodesulfobacteriota	Desulfobacteria	Desulfobacterales	Desulfococcaceae	Desulfococcus	Desulfococcus multivorans	GCF_002009335_NZ_CP019913_BREX_III_2	2
GCF_002224645.1	BREX	BREX_I	GCF_002224645.1_NZ_CP022121_01610	GCF_002224645.1_NZ_CP022121_01615	GCF_002224645.1_NZ_CP022121_01610,GCF_002224645.1_NZ_CP022121_01611,GCF_002224645.1_NZ_CP022121_01612,GCF_002224645.1_NZ_CP022121_01613,GCF_002224645.1_NZ_CP022121_01615	5	BREX__brxA_DUF1819,BREX__brxB_DUF1788,BREX__brxC,BREX__pglX1,BREX__pglZA	WP_089609888.1,WP_089609889.1,CEQ75_RS08150,CEQ75_RS08155,CEQ75_RS08165	Bacteria	Bacillota	Clostridia	Eubacteriales	Peptococcaceae	Dehalobacterium	Dehalobacterium formicoaceticum	GCF_002224645_NZ_CP022121_BREX_I_4	2
GCF_003950255.1	BREX	BREX_III	GCF_003950255.1_NZ_CP034369_01575	GCF_003950255.1_NZ_CP034369_01580	GCF_003950255.1_NZ_CP034369_01575,GCF_003950255.1_NZ_CP034369_01577,GCF_003950255.1_NZ_CP034369_01579,GCF_003950255.1_NZ_CP034369_01580	4	BREX__brxF,BREX__pglXI,BREX__brxHII,BREX__pglZ3	EJA98_RS08030,WP_123020312.1,WP_121335855.1,EJA98_RS08055	Bacteria	Pseudomonadota	Gammaproteobacteria	Pseudomonadales	Pseudomonadaceae	Pseudomonas	Pseudomonas aeruginosa	GCF_003950255_NZ_CP034369_BREX_III_3	2
GCF_004135285.1	BREX	BREX_I	GCF_004135285.1_NZ_CP035494_01434	GCF_004135285.1_NZ_CP035494_01443	GCF_004135285.1_NZ_CP035494_01434,GCF_004135285.1_NZ_CP035494_01435,GCF_004135285.1_NZ_CP035494_01436,GCF_004135285.1_NZ_CP035494_01437,GCF_004135285.1_NZ_CP035494_01442,GCF_004135285.1_NZ_CP035494_01443	6	BREX__brxA_DUF1819,BREX__brxB_DUF1788,BREX__brxC,BREX__pglX1,BREX__pglZA,BREX__brxL	WP_129387827.1,WP_129387830.1,ET475_RS07150,ET475_RS07155,ET475_RS07180,ET475_RS07185	Bacteria	Actinomycetota	Actinomycetes	Micrococcales	Microbacteriaceae	Microbacterium	Microbacterium protaetiae	GCF_004135285_NZ_CP035494_BREX_I_3	2
GCF_004135285.1	BREX	BREX_I	GCF_004135285.1_NZ_CP035494_03293	GCF_004135285.1_NZ_CP035494_03297	GCF_004135285.1_NZ_CP035494_03293,GCF_004135285.1_NZ_CP035494_03294,GCF_004135285.1_NZ_CP035494_03295,GCF_004135285.1_NZ_CP035494_03296,GCF_004135285.1_NZ_CP035494_03297	5	BREX__brxL,BREX__pglZB,BREX__pglX1,BREX__brxC,BREX__brxB_DUF1788	ET475_RS16425,ET475_RS16430,WP_129392758.1,ET475_RS16440,WP_129392764.1	Bacteria	Actinomycetota	Actinomycetes	Micrococcales	Microbacteriaceae	Microbacterium	Microbacterium protaetiae	GCF_004135285_NZ_CP035494_BREX_I_4	2
GCF_000237085.1	BREX	BREX_I	GCF_000237085.1_NC_016627_00244	GCF_000237085.1_NC_016627_00250	GCF_000237085.1_NC_016627_00244,GCF_000237085.1_NC_016627_00245,GCF_000237085.1_NC_016627_00246,GCF_000237085.1_NC_016627_00247,GCF_000237085.1_NC_016627_00248,GCF_000237085.1_NC_016627_00250	6	BREX__brxA_DUF1819,BREX__brxB_DUF1788,BREX__brxC,BREX__pglX1,BREX__pglZA,BREX__brxL	WP_014253626.1,WP_014253627.1,CLOCL_RS01215,CLOCL_RS01220,CLOCL_RS01225,CLOCL_RS01235	Bacteria	Bacillota	Clostridia	Eubacteriales	Oscillospiraceae	Acetivibrio	Acetivibrio clariflavus	GCF_000237085_NC_016627_BREX_I_3	2
GCF_000237085.1	BREX	BREX_I	GCF_000237085.1_NC_016627_02908	GCF_000237085.1_NC_016627_02918	GCF_000237085.1_NC_016627_02908,GCF_000237085.1_NC_016627_02912,GCF_000237085.1_NC_016627_02913,GCF_000237085.1_NC_016627_02915,GCF_000237085.1_NC_016627_02916,GCF_000237085.1_NC_016627_02917,GCF_000237085.1_NC_016627_02918	7	BREX__pglX1,BREX__brxL,BREX__pglZA,BREX__pglX1,BREX__brxC,BREX__brxB_DUF1788,BREX__brxA_DUF1819	CLOCL_RS14320,CLOCL_RS14340,CLOCL_RS14345,CLOCL_RS14355,CLOCL_RS14360,WP_014256030.1,WP_014256031.1	Bacteria	Bacillota	Clostridia	Eubacteriales	Oscillospiraceae	Acetivibrio	Acetivibrio clariflavus	GCF_000237085_NC_016627_BREX_I_4	2
GCF_020221655.1	BREX	BREX_III	GCF_020221655.1_NZ_CP084172_00142	GCF_020221655.1_NZ_CP084172_00146	GCF_020221655.1_NZ_CP084172_00142,GCF_020221655.1_NZ_CP084172_00143,GCF_020221655.1_NZ_CP084172_00144,GCF_020221655.1_NZ_CP084172_00146	4	BREX__pglZ3,BREX__brxHII,BREX__pglXI,BREX__brxF	LDB30_RS00710,WP_225487364.1,WP_225487365.1,LDB30_RS00730	Bacteria	Pseudomonadota	Acidithiobacillia	Acidithiobacillales	Acidithiobacillaceae	Acidithiobacillus	Acidithiobacillus ferrooxidans	GCF_020221655_NZ_CP084172_BREX_III_4	2
GCF_020221655.1	BREX	BREX_I	GCF_020221655.1_NZ_CP084172_01612	GCF_020221655.1_NZ_CP084172_01618	GCF_020221655.1_NZ_CP084172_01612,GCF_020221655.1_NZ_CP084172_01613,GCF_020221655.1_NZ_CP084172_01614,GCF_020221655.1_NZ_CP084172_01617,GCF_020221655.1_NZ_CP084172_01618	5	BREX__brxB_DUF1788,BREX__brxC,BREX__pglX1,BREX__pglZB,BREX__brxL	WP_225487033.1,LDB30_RS08070,WP_225487035.1,LDB30_RS08090,LDB30_RS08095	Bacteria	Pseudomonadota	Acidithiobacillia	Acidithiobacillales	Acidithiobacillaceae	Acidithiobacillus	Acidithiobacillus ferrooxidans	GCF_020221655_NZ_CP084172_BREX_I_3	2
GCF_019355415.1	BREX	BREX_I	GCF_019355415.1_NZ_CP049290_04291	GCF_019355415.1_NZ_CP049290_04298	GCF_019355415.1_NZ_CP049290_04291,GCF_019355415.1_NZ_CP049290_04292,GCF_019355415.1_NZ_CP049290_04295,GCF_019355415.1_NZ_CP049290_04296,GCF_019355415.1_NZ_CP049290_04297,GCF_019355415.1_NZ_CP049290_04298	6	BREX__brxL,BREX__pglZA,BREX__pglX1,BREX__brxC,BREX__brxB_DUF1788,BREX__brxA_DUF1819	G6324_RS21465,G6324_RS21470,G6324_RS21485,G6324_RS21490,WP_032634494.1,WP_032634496.1	Bacteria	Pseudomonadota	Gammaproteobacteria	Enterobacterales	Enterobacteriaceae	Enterobacter	Enterobacter hormaechei	GCF_019355415_NZ_CP049290_BREX_I_2	2
GCF_019355415.1	BREX	BREX_I	GCF_019355415.1_NZ_CP049291_00095	GCF_019355415.1_NZ_CP049291_00101	GCF_019355415.1_NZ_CP049291_00095,GCF_019355415.1_NZ_CP049291_00096,GCF_019355415.1_NZ_CP049291_00097,GCF_019355415.1_NZ_CP049291_00099,GCF_019355415.1_NZ_CP049291_00100,GCF_019355415.1_NZ_CP049291_00101	6	BREX__brxA_DUF1819,BREX__brxB_DUF1788,BREX__brxC,BREX__pglX1,BREX__pglZA,BREX__brxL	WP_001698871.1,WP_010129448.1,G6324_RS24420,G6324_RS24430,G6324_RS24435,G6324_RS24440	Bacteria	Pseudomonadota	Gammaproteobacteria	Enterobacterales	Enterobacteriaceae	Enterobacter	Enterobacter hormaechei	GCF_019355415_NZ_CP049291_BREX_I_2	2
GCF_016861485.1	BREX	BREX_I	GCF_016861485.1_NZ_AP024354_03644	GCF_016861485.1_NZ_AP024354_03650	GCF_016861485.1_NZ_AP024354_03644,GCF_016861485.1_NZ_AP024354_03645,GCF_016861485.1_NZ_AP024354_03646,GCF_016861485.1_NZ_AP024354_03650	4	BREX__brxA_DUF1819,BREX__brxB_DUF1788,BREX__brxC,BREX__pglX1	WP_023113865.1,WP_203788561.1,JUH08_RS18215,JUH08_RS18235	Bacteria	Pseudomonadota	Gammaproteobacteria	Pseudomonadales	Pseudomonadaceae	Pseudomonas	Pseudomonas alcaligenes	GCF_016861485_NZ_AP024354_BREX_I_1	2
GCF_016861485.1	BREX	BREX_I	GCF_016861485.1_NZ_AP024354_03813	GCF_016861485.1_NZ_AP024354_03815	GCF_016861485.1_NZ_AP024354_03813,GCF_016861485.1_NZ_AP024354_03814,GCF_016861485.1_NZ_AP024354_03815	3	BREX__brxA_DUF1819,BREX__brxB_DUF1788,BREX__brxC	WP_023113865.1,WP_203788561.1,JUH08_RS19055	Bacteria	Pseudomonadota	Gammaproteobacteria	Pseudomonadales	Pseudomonadaceae	Pseudomonas	Pseudomonas alcaligenes	GCF_016861485_NZ_AP024354_BREX_I_2	2
GCF_001687065.1	BREX	BREX_I	GCF_001687065.1_NZ_CP016432_01371	GCF_001687065.1_NZ_CP016432_01378	GCF_001687065.1_NZ_CP016432_01371,GCF_001687065.1_NZ_CP016432_01372,GCF_001687065.1_NZ_CP016432_01375,GCF_001687065.1_NZ_CP016432_01377,GCF_001687065.1_NZ_CP016432_01378	5	BREX__brxL,BREX__pglZB,BREX__pglX1,BREX__brxC,BREX__brxB_DUF1788	Ptc2401_RS06750,Ptc2401_RS06755,WP_068867399.1,Ptc2401_RS06780,WP_068867402.1	Bacteria	Chlorobiota	Chlorobiia	Chlorobiales	Chlorobiaceae	Prosthecochloris	Prosthecochloris sp. CIB 2401	GCF_001687065_NZ_CP016432_BREX_I_4	2
GCF_023700225.1	BREX	BREX_I	GCF_023700225.1_NZ_CP097897_00534	GCF_023700225.1_NZ_CP097897_00541	GCF_023700225.1_NZ_CP097897_00534,GCF_023700225.1_NZ_CP097897_00535,GCF_023700225.1_NZ_CP097897_00536,GCF_023700225.1_NZ_CP097897_00537,GCF_023700225.1_NZ_CP097897_00540,GCF_023700225.1_NZ_CP097897_00541	6	BREX__brxA_DUF1819,BREX__brxB_DUF1788,BREX__brxC,BREX__pglX1,BREX__pglZA,BREX__brxL	WP_250934562.1,WP_250934563.1,CHL1_RS02680,CHL1_RS02685,CHL1_RS02700,CHL1_RS02705	Bacteria	Bacillota	Clostridia	Eubacteriales	Eubacteriaceae	Acetobacterium	Acetobacterium wieringae	GCF_023700225_NZ_CP097897_BREX_I_3	2
GCF_900217235.1	BREX	BREX_III	GCF_900217235.1_NZ_LT907975_00522	GCF_900217235.1_NZ_LT907975_00528	GCF_900217235.1_NZ_LT907975_00522,GCF_900217235.1_NZ_LT907975_00524,GCF_900217235.1_NZ_LT907975_00527,GCF_900217235.1_NZ_LT907975_00528	4	BREX__brxF,BREX__pglXI,BREX__brxHII,BREX__pglZ3	DPRO_RS02625,WP_173806728.1,WP_097010677.1,DPRO_RS02655	Bacteria	Thermodesulfobacteriota	Desulfovibrionia	Desulfovibrionales	Desulfovibrionaceae	Pseudodesulfovibrio	Pseudodesulfovibrio profundus	GCF_900217235_NZ_LT907975_BREX_III_4	2
GCF_006228565.1	BREX	BREX_I	GCF_006228565.1_NZ_CP031054_02400	GCF_006228565.1_NZ_CP031054_02406	GCF_006228565.1_NZ_CP031054_02400,GCF_006228565.1_NZ_CP031054_02401,GCF_006228565.1_NZ_CP031054_02405,GCF_006228565.1_NZ_CP031054_02406	4	BREX__brxL,BREX__pglZB,BREX__pglX1,BREX__brxC	MothHH_RS11970,MothHH_RS11975,WP_011393724.1,MothHH_RS12000	Bacteria	Bacillota	Clostridia	Moorellales	Moorellaceae	Moorella	Moorella thermoacetica	GCF_006228565_NZ_CP031054_BREX_I_3	2
GCF_000270245.1	BREX	BREX_II	GCF_000270245.1_NC_015635_02773	GCF_000270245.1_NC_015635_02778	GCF_000270245.1_NC_015635_02773,GCF_000270245.1_NC_015635_02774,GCF_000270245.1_NC_015635_02775,GCF_000270245.1_NC_015635_02776,GCF_000270245.1_NC_015635_02777,GCF_000270245.1_NC_015635_02778	6	BREX__brxHI,BREX__brxD,BREX__pglZ2,BREX__pglY,BREX__pglX2,BREX__pglW	WP_197536413.1,MLP_RS13835,MLP_RS13840,WP_013863744.1,MLP_RS13850,MLP_RS13855	Bacteria	Actinomycetota	Actinomycetes	Propionibacteriales	Propionibacteriaceae	Microlunatus	Microlunatus phosphovorus	GCF_000270245_NC_015635_BREX_II_4	2
GCF_014489415.1	BREX	BREX_I	GCF_014489415.1_NZ_CP060822_02627	GCF_014489415.1_NZ_CP060822_02636	GCF_014489415.1_NZ_CP060822_02627,GCF_014489415.1_NZ_CP060822_02628,GCF_014489415.1_NZ_CP060822_02633,GCF_014489415.1_NZ_CP060822_02635,GCF_014489415.1_NZ_CP060822_02636	5	BREX__brxB_DUF1788,BREX__brxC,BREX__pglX1,BREX__pglZA,BREX__brxL	WP_006277879.1,IAR63_RS13115,IAR63_RS13140,IAR63_RS13150,IAR63_RS13155	Bacteria	Cyanobacteriota	Cyanophyceae	Nostocales	Aphanizomenonaceae	Cylindrospermopsis	Cylindrospermopsis curvispora	GCF_014489415_NZ_CP060822_BREX_I_4	2
GCF_014489415.1	BREX	BREX_I	GCF_014489415.1_NZ_CP060822_01682	GCF_014489415.1_NZ_CP060822_01687	GCF_014489415.1_NZ_CP060822_01682,GCF_014489415.1_NZ_CP060822_01683,GCF_014489415.1_NZ_CP060822_01684,GCF_014489415.1_NZ_CP060822_01686,GCF_014489415.1_NZ_CP060822_01687	5	BREX__brxL,BREX__pglZA,BREX__pglX1,BREX__brxC,BREX__brxB_DUF1788	IAR63_RS08390,IAR63_RS08395,IAR63_RS08400,IAR63_RS08410,WP_187707240.1	Bacteria	Cyanobacteriota	Cyanophyceae	Nostocales	Aphanizomenonaceae	Cylindrospermopsis	Cylindrospermopsis curvispora	GCF_014489415_NZ_CP060822_BREX_I_3	2
GCF_023100845.1	BREX	BREX_II	GCF_023100845.1_NZ_CP095864_02753	GCF_023100845.1_NZ_CP095864_02761	GCF_023100845.1_NZ_CP095864_02753,GCF_023100845.1_NZ_CP095864_02754,GCF_023100845.1_NZ_CP095864_02758,GCF_023100845.1_NZ_CP095864_02759,GCF_023100845.1_NZ_CP095864_02760,GCF_023100845.1_NZ_CP095864_02761	6	BREX__pglW,BREX__pglX2,BREX__pglY,BREX__pglZ2,BREX__brxD,BREX__brxHI	WP_247864245.1,MYK68_RS13770,WP_247864250.1,MYK68_RS13795,MYK68_RS13800,WP_247864253.1	Bacteria	Actinomycetota	Actinomycetes	Mycobacteriales	Gordoniaceae	Gordonia	Gordonia sp. PP30	GCF_023100845_NZ_CP095864_BREX_II_4	2
GCF_003574835.2	BREX	BREX_II	GCF_003574835.2_NZ_CP063196_00104	GCF_003574835.2_NZ_CP063196_00108	GCF_003574835.2_NZ_CP063196_00104,GCF_003574835.2_NZ_CP063196_00105,GCF_003574835.2_NZ_CP063196_00106,GCF_003574835.2_NZ_CP063196_00107,GCF_003574835.2_NZ_CP063196_00108	5	BREX__pglW,BREX__pglY,BREX__pglZ2,BREX__brxD,BREX__brxHI	NI17_RS00520,WP_068687705.1,NI17_RS00530,NI17_RS00535,WP_068687708.1	Bacteria	Actinomycetota	Actinomycetes	Streptosporangiales	Nocardiopsaceae	Thermobifida	Thermobifida halotolerans	GCF_003574835_NZ_CP063196_BREX_II_3	2
GCF_020520305.1	BREX	BREX_I	GCF_020520305.1_NZ_CP084736_03779	GCF_020520305.1_NZ_CP084736_03791	GCF_020520305.1_NZ_CP084736_03779,GCF_020520305.1_NZ_CP084736_03780,GCF_020520305.1_NZ_CP084736_03782,GCF_020520305.1_NZ_CP084736_03786,GCF_020520305.1_NZ_CP084736_03787,GCF_020520305.1_NZ_CP084736_03791	6	BREX__brxA_DUF1819,BREX__brxB_DUF1788,BREX__brxC,BREX__pglX1,BREX__pglZA,BREX__brxL	WP_226512483.1,WP_226512484.1,WP_226512486.1,LEL84_RS18935,LEL84_RS18940,LEL84_RS18960	Bacteria	Actinomycetota	Actinomycetes	Mycobacteriales	Gordoniaceae	Gordonia	Gordonia sp. WA4-43	GCF_020520305_NZ_CP084736_BREX_I_3	2
GCF_020520305.1	BREX	BREX_II	GCF_020520305.1_NZ_CP084736_02728	GCF_020520305.1_NZ_CP084736_02733	GCF_020520305.1_NZ_CP084736_02728,GCF_020520305.1_NZ_CP084736_02729,GCF_020520305.1_NZ_CP084736_02730,GCF_020520305.1_NZ_CP084736_02731,GCF_020520305.1_NZ_CP084736_02732,GCF_020520305.1_NZ_CP084736_02733	6	BREX__brxHI,BREX__brxD,BREX__pglZ2,BREX__pglY,BREX__pglX2,BREX__pglW	WP_226511907.1,LEL84_RS13650,LEL84_RS13655,WP_226511910.1,LEL84_RS13665,WP_226511912.1	Bacteria	Actinomycetota	Actinomycetes	Mycobacteriales	Gordoniaceae	Gordonia	Gordonia sp. WA4-43	GCF_020520305_NZ_CP084736_BREX_II_4	2
GCF_006228565.1	BREX	BREX_III	GCF_006228565.1_NZ_CP031054_00696	GCF_006228565.1_NZ_CP031054_00700	GCF_006228565.1_NZ_CP031054_00696,GCF_006228565.1_NZ_CP031054_00697,GCF_006228565.1_NZ_CP031054_00698,GCF_006228565.1_NZ_CP031054_00699,GCF_006228565.1_NZ_CP031054_00700	5	BREX__brxF,BREX__brxC,BREX__pglXI,BREX__brxHII,BREX__pglZ3	MothHH_RS03495,WP_011392173.1,WP_080996766.1,WP_011392175.1,WP_053104346.1	Bacteria	Bacillota	Clostridia	Moorellales	Moorellaceae	Moorella	Moorella thermoacetica	GCF_006228565_NZ_CP031054_BREX_III_4	2
GCF_023922005.1	BREX	BREX_I	GCF_023922005.1_NZ_CP027659_00146	GCF_023922005.1_NZ_CP027659_00151	GCF_023922005.1_NZ_CP027659_00146,GCF_023922005.1_NZ_CP027659_00147,GCF_023922005.1_NZ_CP027659_00148,GCF_023922005.1_NZ_CP027659_00149,GCF_023922005.1_NZ_CP027659_00150,GCF_023922005.1_NZ_CP027659_00151	6	BREX__brxL,BREX__pglZA,BREX__pglX1,BREX__brxC,BREX__brxB_DUF1788,BREX__brxA_DUF1819	C7A15_RS20100,C7A15_RS20105,C7A15_RS20110,C7A15_RS20115,WP_002010699.1,WP_000892996.1	Bacteria	Pseudomonadota	Gammaproteobacteria	Moraxellales	Moraxellaceae	Acinetobacter	Acinetobacter pittii	GCF_023922005_NZ_CP027659_BREX_I_2	2
GCF_009671045.1	BREX	BREX_I	GCF_009671045.1_NZ_CP046000_04036	GCF_009671045.1_NZ_CP046000_04041	GCF_009671045.1_NZ_CP046000_04036,GCF_009671045.1_NZ_CP046000_04040,GCF_009671045.1_NZ_CP046000_04041	3	BREX__brxA_DUF1819,BREX__brxC,BREX__pglX1	WP_023982161.1,GJD92_RS20760,GJD92_RS20765	Bacteria	Pseudomonadota	Gammaproteobacteria	Enterobacterales	Enterobacteriaceae	Escherichia	Escherichia coli	GCF_009671045_NZ_CP046000_BREX_I_3	2
GCF_021650815.1	BREX	BREX_I	GCF_021650815.1_NZ_CP091284_02208	GCF_021650815.1_NZ_CP091284_02213	GCF_021650815.1_NZ_CP091284_02208,GCF_021650815.1_NZ_CP091284_02209,GCF_021650815.1_NZ_CP091284_02211,GCF_021650815.1_NZ_CP091284_02212,GCF_021650815.1_NZ_CP091284_02213	5	BREX__brxB_DUF1788,BREX__brxC,BREX__pglX1,BREX__pglZA,BREX__brxL	WP_236308177.1,L3I90_RS11055,L3I90_RS11065,L3I90_RS11070,L3I90_RS11075	Bacteria	Cyanobacteriota	Cyanophyceae	Nostocales	Aphanizomenonaceae	Cylindrospermopsis	Cylindrospermopsis raciborskii	GCF_021650815_NZ_CP091284_BREX_I_4	2
GCF_900234395.1	BREX	BREX_I	GCF_900234395.1_NZ_LT960790_01963	GCF_900234395.1_NZ_LT960790_01967	GCF_900234395.1_NZ_LT960790_01963,GCF_900234395.1_NZ_LT960790_01964,GCF_900234395.1_NZ_LT960790_01967	3	BREX__brxC,BREX__brxB_DUF1788,BREX__brxA_DUF1819	LSAJ54_RS09745,WP_197704872.1,WP_099947529.1	Bacteria	Bacillota	Bacilli	Lactobacillales	Lactobacillaceae	Latilactobacillus	Latilactobacillus sakei	GCF_900234395_NZ_LT960790_BREX_I_3	2
GCF_015689175.1	BREX	BREX_II	GCF_015689175.1_NZ_CP065047_01437	GCF_015689175.1_NZ_CP065047_01449	GCF_015689175.1_NZ_CP065047_01437,GCF_015689175.1_NZ_CP065047_01438,GCF_015689175.1_NZ_CP065047_01446,GCF_015689175.1_NZ_CP065047_01447,GCF_015689175.1_NZ_CP065047_01448,GCF_015689175.1_NZ_CP065047_01449	6	BREX__pglW,BREX__pglX2,BREX__pglY,BREX__pglZ2,BREX__brxD,BREX__brxHI	I2456_RS07160,I2456_RS07165,WP_139823017.1,I2456_RS07205,I2456_RS07210,WP_085072929.1	Bacteria	Actinomycetota	Actinomycetes	Mycobacteriales	Mycobacteriaceae	Mycobacterium	Mycobacterium kubicae	GCF_015689175_NZ_CP065047_BREX_II_4	2
GCF_000183725.1	BREX	BREX_I	GCF_000183725.1_NC_014762_01721	GCF_000183725.1_NC_014762_01724	GCF_000183725.1_NC_014762_01721,GCF_000183725.1_NC_014762_01723,GCF_000183725.1_NC_014762_01724	3	BREX__pglX1,BREX__pglZA,BREX__brxL	SULKU_RS08505,SULKU_RS08515,SULKU_RS08520	Bacteria	Campylobacterota	Epsilonproteobacteria	Campylobacterales	Sulfurimonadaceae	Sulfuricurvum	Sulfuricurvum kujiense	GCF_000183725_NC_014762_BREX_I_4	2
GCF_000183725.1	BREX	BREX_I	GCF_000183725.1_NC_014762_01712	GCF_000183725.1_NC_014762_01714	GCF_000183725.1_NC_014762_01712,GCF_000183725.1_NC_014762_01713,GCF_000183725.1_NC_014762_01714	3	BREX__brxA_DUF1819,BREX__brxB_DUF1788,BREX__brxC	WP_013460544.1,WP_013460545.1,SULKU_RS08475	Bacteria	Campylobacterota	Epsilonproteobacteria	Campylobacterales	Sulfurimonadaceae	Sulfuricurvum	Sulfuricurvum kujiense	GCF_000183725_NC_014762_BREX_I_3	2
GCF_000328765.2	BREX	BREX_III	GCF_000328765.2_NC_019954_01893	GCF_000328765.2_NC_019954_01896	GCF_000328765.2_NC_019954_01893,GCF_000328765.2_NC_019954_01894,GCF_000328765.2_NC_019954_01896	3	BREX__pglZ3,BREX__pglXI,BREX__brxF	TEPIRE1_RS09325,WP_013778922.1,TEPIRE1_RS09340	Bacteria	Bacillota	Clostridia	Thermosediminibacterales	Tepidanaerobacteraceae	Tepidanaerobacter	Tepidanaerobacter acetatoxydans	GCF_000328765_NC_019954_BREX_III_4	2
GCF_000270245.1	BREX	BREX_I	GCF_000270245.1_NC_015635_03704	GCF_000270245.1_NC_015635_03712	GCF_000270245.1_NC_015635_03704,GCF_000270245.1_NC_015635_03705,GCF_000270245.1_NC_015635_03706,GCF_000270245.1_NC_015635_03707,GCF_000270245.1_NC_015635_03711,GCF_000270245.1_NC_015635_03712	6	BREX__brxA_DUF1819,BREX__brxB_DUF1788,BREX__brxC,BREX__pglX1,BREX__pglZA,BREX__brxL	WP_013864666.1,WP_013864667.1,MLP_RS18400,MLP_RS18405,MLP_RS18425,MLP_RS18430	Bacteria	Actinomycetota	Actinomycetes	Propionibacteriales	Propionibacteriaceae	Microlunatus	Microlunatus phosphovorus	GCF_000270245_NC_015635_BREX_I_3	2
GCF_023922005.1	BREX	BREX_I	GCF_023922005.1_NZ_CP027660_00121	GCF_023922005.1_NZ_CP027660_00126	GCF_023922005.1_NZ_CP027660_00121,GCF_023922005.1_NZ_CP027660_00122,GCF_023922005.1_NZ_CP027660_00123,GCF_023922005.1_NZ_CP027660_00124,GCF_023922005.1_NZ_CP027660_00125,GCF_023922005.1_NZ_CP027660_00126	6	BREX__brxA_DUF1819,BREX__brxB_DUF1788,BREX__brxC,BREX__pglX1,BREX__pglZA,BREX__brxL	WP_000892996.1,WP_002010699.1,C7A15_RS21160,C7A15_RS21165,C7A15_RS21170,C7A15_RS21175	Bacteria	Pseudomonadota	Gammaproteobacteria	Moraxellales	Moraxellaceae	Acinetobacter	Acinetobacter pittii	GCF_023922005_NZ_CP027660_BREX_I_2	2
GCF_900217235.1	BREX	BREX_I	GCF_900217235.1_NZ_LT907975_00310	GCF_900217235.1_NZ_LT907975_00319	GCF_900217235.1_NZ_LT907975_00310,GCF_900217235.1_NZ_LT907975_00311,GCF_900217235.1_NZ_LT907975_00317,GCF_900217235.1_NZ_LT907975_00318,GCF_900217235.1_NZ_LT907975_00319	5	BREX__brxL,BREX__pglZA,BREX__brxC,BREX__brxB_DUF1788,BREX__brxA_DUF1819	DPRO_RS01565,DPRO_RS01570,DPRO_RS01600,WP_097010500.1,WP_157917337.1	Bacteria	Thermodesulfobacteriota	Desulfovibrionia	Desulfovibrionales	Desulfovibrionaceae	Pseudodesulfovibrio	Pseudodesulfovibrio profundus	GCF_900217235_NZ_LT907975_BREX_I_3	2
GCF_017901155.1	BREX	BREX_I	GCF_017901155.1_NZ_CP072800_02177	GCF_017901155.1_NZ_CP072800_02188	GCF_017901155.1_NZ_CP072800_02177,GCF_017901155.1_NZ_CP072800_02178,GCF_017901155.1_NZ_CP072800_02179,GCF_017901155.1_NZ_CP072800_02183,GCF_017901155.1_NZ_CP072800_02187,GCF_017901155.1_NZ_CP072800_02188	6	BREX__brxA_DUF1819,BREX__brxB_DUF1788,BREX__brxC,BREX__pglX1,BREX__pglZA,BREX__brxL	WP_210225659.1,WP_210225660.1,J8380_RS10820,J8380_RS10845,J8380_RS10865,J8380_RS10870	Bacteria	Pseudomonadota	Gammaproteobacteria	Thiotrichales	Thiotrichaceae	Thiothrix	Candidatus Thiothrix anitrata	GCF_017901155_NZ_CP072800_BREX_I_3	2
GCF_013343215.1	BREX	BREX_I	GCF_013343215.1_NZ_CP039147_00013	GCF_013343215.1_NZ_CP039147_00019	GCF_013343215.1_NZ_CP039147_00013,GCF_013343215.1_NZ_CP039147_00014,GCF_013343215.1_NZ_CP039147_00016,GCF_013343215.1_NZ_CP039147_00017,GCF_013343215.1_NZ_CP039147_00018,GCF_013343215.1_NZ_CP039147_00019	6	BREX__brxL,BREX__pglZA,BREX__pglX1,BREX__brxC,BREX__brxB_DUF1788,BREX__brxA_DUF1819	E5Y90_RS16710,E5Y90_RS16715,E5Y90_RS16725,E5Y90_RS16730,WP_002010699.1,WP_174660692.1	Bacteria	Pseudomonadota	Gammaproteobacteria	Moraxellales	Moraxellaceae	Acinetobacter	Acinetobacter sp. 10FS3-1	GCF_013343215_NZ_CP039147_BREX_I_2	2
GCF_019702905.1	BREX	BREX_I	GCF_019702905.1_NZ_AP024708_02512	GCF_019702905.1_NZ_AP024708_02518	GCF_019702905.1_NZ_AP024708_02512,GCF_019702905.1_NZ_AP024708_02513,GCF_019702905.1_NZ_AP024708_02515,GCF_019702905.1_NZ_AP024708_02516,GCF_019702905.1_NZ_AP024708_02517,GCF_019702905.1_NZ_AP024708_02518	6	BREX__brxL,BREX__pglZA,BREX__pglX1,BREX__brxC,BREX__brxB_DUF1788,BREX__brxA_DUF1819	TOL5_RS12595,TOL5_RS12600,TOL5_RS12610,TOL5_RS12615,WP_002010699.1,WP_221260379.1	Bacteria	Pseudomonadota	Gammaproteobacteria	Moraxellales	Moraxellaceae	Acinetobacter	Acinetobacter sp. Tol 5	GCF_019702905_NZ_AP024708_BREX_I_2	2
GCF_013343215.1	BREX	BREX_I	GCF_013343215.1_NZ_CP039145_00012	GCF_013343215.1_NZ_CP039145_00017	GCF_013343215.1_NZ_CP039145_00012,GCF_013343215.1_NZ_CP039145_00013,GCF_013343215.1_NZ_CP039145_00014,GCF_013343215.1_NZ_CP039145_00015,GCF_013343215.1_NZ_CP039145_00016,GCF_013343215.1_NZ_CP039145_00017	6	BREX__brxL,BREX__pglZA,BREX__pglX1,BREX__brxC,BREX__brxB_DUF1788,BREX__brxA_DUF1819	E5Y90_RS16025,E5Y90_RS16030,E5Y90_RS16035,E5Y90_RS16040,WP_174660657.1,WP_174660658.1	Bacteria	Pseudomonadota	Gammaproteobacteria	Moraxellales	Moraxellaceae	Acinetobacter	Acinetobacter sp. 10FS3-1	GCF_013343215_NZ_CP039145_BREX_I_2	2
GCF_001267435.1	BREX	BREX_I	GCF_001267435.1_NZ_CP012370_02359	GCF_001267435.1_NZ_CP012370_02365	GCF_001267435.1_NZ_CP012370_02359,GCF_001267435.1_NZ_CP012370_02360,GCF_001267435.1_NZ_CP012370_02364,GCF_001267435.1_NZ_CP012370_02365	4	BREX__brxL,BREX__pglZB,BREX__pglX1,BREX__brxC	MOTHA_RS11555,MOTHA_RS11560,WP_011393724.1,MOTHA_RS11585	Bacteria	Bacillota	Clostridia	Moorellales	Moorellaceae	Moorella	Moorella thermoacetica	GCF_001267435_NZ_CP012370_BREX_I_3	2
GCF_001267435.1	BREX	BREX_III	GCF_001267435.1_NZ_CP012370_00683	GCF_001267435.1_NZ_CP012370_00687	GCF_001267435.1_NZ_CP012370_00683,GCF_001267435.1_NZ_CP012370_00684,GCF_001267435.1_NZ_CP012370_00685,GCF_001267435.1_NZ_CP012370_00686,GCF_001267435.1_NZ_CP012370_00687	5	BREX__brxF,BREX__brxC,BREX__pglXI,BREX__brxHII,BREX__pglZ3	MOTHA_RS03350,WP_011392173.1,WP_080996766.1,WP_011392175.1,WP_053104346.1	Bacteria	Bacillota	Clostridia	Moorellales	Moorellaceae	Moorella	Moorella thermoacetica	GCF_001267435_NZ_CP012370_BREX_III_4	2
GCF_023115355.1	BREX	BREX	GCF_023115355.1_NZ_CP096023_00031	GCF_023115355.1_NZ_CP096023_00042	GCF_023115355.1_NZ_CP096023_00031,GCF_023115355.1_NZ_CP096023_00032,GCF_023115355.1_NZ_CP096023_00033,GCF_023115355.1_NZ_CP096023_00034,GCF_023115355.1_NZ_CP096023_00036,GCF_023115355.1_NZ_CP096023_00038,GCF_023115355.1_NZ_CP096023_00039,GCF_023115355.1_NZ_CP096023_00041,GCF_023115355.1_NZ_CP096023_00042	9	BREX__brxA_DUF1819,BREX__brxC,BREX__brxB_DUF1788,BREX__brxC,BREX__pglX1,BREX__pglZA,BREX__brxHII,BREX__brxD,BREX__brxHI	WP_247995978.1,WP_247995979.1,WP_247995980.1,WP_247995981.1,MW046_RS18865,MW046_RS18875,WP_247995986.1,WP_247995988.1,WP_247995989.1	Archaea	Euryarchaeota	Halobacteria	Halobacteriales	Haloarculaceae	Halocatena	Halocatena salina	GCF_023115355_NZ_CP096023_BREX_1	2
GCF_017901155.1	BREX	BREX	GCF_017901155.1_NZ_CP072800_02576	GCF_017901155.1_NZ_CP072800_02584	GCF_017901155.1_NZ_CP072800_02576,GCF_017901155.1_NZ_CP072800_02577,GCF_017901155.1_NZ_CP072800_02578,GCF_017901155.1_NZ_CP072800_02579,GCF_017901155.1_NZ_CP072800_02580,GCF_017901155.1_NZ_CP072800_02583,GCF_017901155.1_NZ_CP072800_02584	7	BREX__brxE,BREX__brxA_DUF1819,BREX__brxB_DUF1788,BREX__brxC,BREX__pglX1,BREX__pglZA,BREX__brxL	WP_228292216.1,WP_210226000.1,WP_210226001.1,J8380_RS12830,J8380_RS12835,WP_210226006.1,J8380_RS12855	Bacteria	Pseudomonadota	Gammaproteobacteria	Thiotrichales	Thiotrichaceae	Thiothrix	Candidatus Thiothrix anitrata	GCF_017901155_NZ_CP072800_BREX_2	2
GCF_000217715.1	BREX	BREX	GCF_000217715.1_NC_015666_00299	GCF_000217715.1_NC_015666_00304	GCF_000217715.1_NC_015666_00299,GCF_000217715.1_NC_015666_00302,GCF_000217715.1_NC_015666_00304	3	BREX__pglX1,BREX__pglZB,BREX__brxHII	HALXA_RS01415,HALXA_RS01430,WP_013878520.1	Archaea	Euryarchaeota	Halobacteria	Natrialbales	Natrialbaceae	Halopiger	Halopiger xanaduensis	GCF_000217715_NC_015666_BREX_1	2
GCF_023115355.1	BREX	BREX_V	GCF_023115355.1_NZ_CP096020_00246	GCF_023115355.1_NZ_CP096020_00252	GCF_023115355.1_NZ_CP096020_00246,GCF_023115355.1_NZ_CP096020_00247,GCF_023115355.1_NZ_CP096020_00248,GCF_023115355.1_NZ_CP096020_00249,GCF_023115355.1_NZ_CP096020_00250,GCF_023115355.1_NZ_CP096020_00251,GCF_023115355.1_NZ_CP096020_00252	7	BREX__brxHII,BREX__pglZA,BREX__pglX1,BREX__brxC,BREX__brxB_DUF1788,BREX__brxC,BREX__brxA_DUF1819	WP_247994821.1,MW046_RS14200,MW046_RS14205,WP_247994824.1,WP_247994825.1,WP_247994826.1,WP_247994827.1	Archaea	Euryarchaeota	Halobacteria	Halobacteriales	Haloarculaceae	Halocatena	Halocatena salina	GCF_023115355_NZ_CP096020_BREX_V_2	2
GCF_000217715.1	BREX	BREX_I	GCF_000217715.1_NC_015666_00288	GCF_000217715.1_NC_015666_00291	GCF_000217715.1_NC_015666_00288,GCF_000217715.1_NC_015666_00289,GCF_000217715.1_NC_015666_00290,GCF_000217715.1_NC_015666_00291	4	BREX__brxA_DUF1819,BREX__brxC,BREX__brxB_DUF1788,BREX__brxC	WP_013878503.1,WP_013878504.1,WP_013878505.1,WP_013878506.1	Archaea	Euryarchaeota	Halobacteria	Natrialbales	Natrialbaceae	Halopiger	Halopiger xanaduensis	GCF_000217715_NC_015666_BREX_I_2	2
GCF_016653515.1	BREX	BREX_I	GCF_016653515.1_NZ_CP067365_02180	GCF_016653515.1_NZ_CP067365_02189	GCF_016653515.1_NZ_CP067365_02180,GCF_016653515.1_NZ_CP067365_02181,GCF_016653515.1_NZ_CP067365_02182,GCF_016653515.1_NZ_CP067365_02186,GCF_016653515.1_NZ_CP067365_02187,GCF_016653515.1_NZ_CP067365_02188,GCF_016653515.1_NZ_CP067365_02189	7	BREX__brxL,BREX__pglZA,BREX__pglX1,BREX__pglX1,BREX__brxC,BREX__brxB_DUF1788,BREX__brxA_DUF1819	JIO02_RS10955,JIO02_RS10960,JIO02_RS10965,JIO02_RS10985,JIO02_RS10990,WP_193820258.1,WP_005684779.1	Bacteria	Bacillota	Bacilli	Lactobacillales	Lactobacillaceae	Lacticaseibacillus	Lacticaseibacillus rhamnosus	GCF_016653515_NZ_CP067365_BREX_I_4	2
GCF_016653515.1	BREX	BREX_I	GCF_016653515.1_NZ_CP067365_02047	GCF_016653515.1_NZ_CP067365_02054	GCF_016653515.1_NZ_CP067365_02047,GCF_016653515.1_NZ_CP067365_02048,GCF_016653515.1_NZ_CP067365_02049,GCF_016653515.1_NZ_CP067365_02051,GCF_016653515.1_NZ_CP067365_02052,GCF_016653515.1_NZ_CP067365_02053,GCF_016653515.1_NZ_CP067365_02054	7	BREX__brxL,BREX__pglZA,BREX__pglX1,BREX__pglX1,BREX__brxC,BREX__brxB_DUF1788,BREX__brxA_DUF1819	JIO02_RS10290,JIO02_RS10295,JIO02_RS10300,JIO02_RS10310,JIO02_RS10315,WP_015638639.1,WP_048488337.1	Bacteria	Bacillota	Bacilli	Lactobacillales	Lactobacillaceae	Lacticaseibacillus	Lacticaseibacillus rhamnosus	GCF_016653515_NZ_CP067365_BREX_I_3	2
GCF_011764625.1	BREX	BREX_I	GCF_011764625.1_NZ_AP022869_02363	GCF_011764625.1_NZ_AP022869_02367	GCF_011764625.1_NZ_AP022869_02363,GCF_011764625.1_NZ_AP022869_02365,GCF_011764625.1_NZ_AP022869_02366,GCF_011764625.1_NZ_AP022869_02367	4	BREX__pglX1,BREX__brxC,BREX__brxB_DUF1788,BREX__brxA_DUF1819	HMEPL2_RS11770,HMEPL2_RS11780,WP_022988851.1,WP_022988852.1	Bacteria	Pseudomonadota	Gammaproteobacteria	Oceanospirillales	Halomonadaceae	Halomonas	Halomonas meridiana	GCF_011764625_NZ_AP022869_BREX_I_3	2
GCF_900234395.1	BREX	BREX_I	GCF_900234395.1_NZ_LT960790_01306	GCF_900234395.1_NZ_LT960790_01314	GCF_900234395.1_NZ_LT960790_01306,GCF_900234395.1_NZ_LT960790_01307,GCF_900234395.1_NZ_LT960790_01310,GCF_900234395.1_NZ_LT960790_01311,GCF_900234395.1_NZ_LT960790_01312,GCF_900234395.1_NZ_LT960790_01313,GCF_900234395.1_NZ_LT960790_01314	7	BREX__brxL,BREX__pglZA,BREX__pglX1,BREX__pglX1,BREX__brxC,BREX__brxB_DUF1788,BREX__brxA_DUF1819	LSAJ54_RS06485,LSAJ54_RS06490,LSAJ54_RS06505,LSAJ54_RS06510,LSAJ54_RS06515,WP_035146117.1,WP_035146115.1	Bacteria	Bacillota	Bacilli	Lactobacillales	Lactobacillaceae	Latilactobacillus	Latilactobacillus sakei	GCF_900234395_NZ_LT960790_BREX_I_2	2
GCF_011764625.1	BREX	BREX_I	GCF_011764625.1_NZ_AP022869_00348	GCF_011764625.1_NZ_AP022869_00361	GCF_011764625.1_NZ_AP022869_00348,GCF_011764625.1_NZ_AP022869_00349,GCF_011764625.1_NZ_AP022869_00350,GCF_011764625.1_NZ_AP022869_00354,GCF_011764625.1_NZ_AP022869_00360,GCF_011764625.1_NZ_AP022869_00361	6	BREX__brxA_DUF1819,BREX__brxB_DUF1788,BREX__brxC,BREX__pglX1,BREX__pglZA,BREX__brxL	WP_172514440.1,WP_197746117.1,HMEPL2_RS01760,HMEPL2_RS01780,HMEPL2_RS01810,HMEPL2_RS01815	Bacteria	Pseudomonadota	Gammaproteobacteria	Oceanospirillales	Halomonadaceae	Halomonas	Halomonas meridiana	GCF_011764625_NZ_AP022869_BREX_I_2	2
GCF_009671045.1	BREX	BREX_I	GCF_009671045.1_NZ_CP046000_00693	GCF_009671045.1_NZ_CP046000_00698	GCF_009671045.1_NZ_CP046000_00693,GCF_009671045.1_NZ_CP046000_00694,GCF_009671045.1_NZ_CP046000_00695,GCF_009671045.1_NZ_CP046000_00696,GCF_009671045.1_NZ_CP046000_00697,GCF_009671045.1_NZ_CP046000_00698	6	BREX__brxA_DUF1819,BREX__brxB_DUF1788,BREX__brxC,BREX__pglX1,BREX__pglZA,BREX__brxL	WP_085962535.1,WP_000566901.1,GJD92_RS04155,GJD92_RS04160,GJD92_RS04165,GJD92_RS04170	Bacteria	Pseudomonadota	Gammaproteobacteria	Enterobacterales	Enterobacteriaceae	Escherichia	Escherichia coli	GCF_009671045_NZ_CP046000_BREX_I_2	2
GCF_000328765.2	BREX	BREX_I	GCF_000328765.2_NC_019954_00532	GCF_000328765.2_NC_019954_00540	GCF_000328765.2_NC_019954_00532,GCF_000328765.2_NC_019954_00533,GCF_000328765.2_NC_019954_00534,GCF_000328765.2_NC_019954_00538,GCF_000328765.2_NC_019954_00539,GCF_000328765.2_NC_019954_00540	6	BREX__brxA_DUF1819,BREX__brxB_DUF1788,BREX__brxC,BREX__pglX1,BREX__pglZA,BREX__brxL	WP_013777642.1,WP_013777643.1,TEPIRE1_RS02650,TEPIRE1_RS02665,TEPIRE1_RS02670,TEPIRE1_RS02675	Bacteria	Bacillota	Clostridia	Thermosediminibacterales	Tepidanaerobacteraceae	Tepidanaerobacter	Tepidanaerobacter acetatoxydans	GCF_000328765_NC_019954_BREX_I_3	2
GCF_000213235.1	BREX	BREX_III	GCF_000213235.1_NC_015519_01880	GCF_000213235.1_NC_015519_01883	GCF_000213235.1_NC_015519_01880,GCF_000213235.1_NC_015519_01881,GCF_000213235.1_NC_015519_01883	3	BREX__pglZ3,BREX__pglXI,BREX__brxF	TEPRE1_RS09325,WP_013778922.1,TEPRE1_RS09340	Bacteria	Bacillota	Clostridia	Thermosediminibacterales	Tepidanaerobacteraceae	Tepidanaerobacter	Tepidanaerobacter acetatoxydans	GCF_000213235_NC_015519_BREX_III_4	2
GCF_000213235.1	BREX	BREX_I	GCF_000213235.1_NC_015519_00522	GCF_000213235.1_NC_015519_00530	GCF_000213235.1_NC_015519_00522,GCF_000213235.1_NC_015519_00523,GCF_000213235.1_NC_015519_00524,GCF_000213235.1_NC_015519_00528,GCF_000213235.1_NC_015519_00529,GCF_000213235.1_NC_015519_00530	6	BREX__brxA_DUF1819,BREX__brxB_DUF1788,BREX__brxC,BREX__pglX1,BREX__pglZA,BREX__brxL	WP_013777642.1,WP_013777643.1,TEPRE1_RS02650,TEPRE1_RS02665,TEPRE1_RS02670,TEPRE1_RS02675	Bacteria	Bacillota	Clostridia	Thermosediminibacterales	Tepidanaerobacteraceae	Tepidanaerobacter	Tepidanaerobacter acetatoxydans	GCF_000213235_NC_015519_BREX_I_3	2
GCF_003950255.1	BREX	BREX	GCF_003950255.1_NZ_CP034369_01815	GCF_003950255.1_NZ_CP034369_01826	GCF_003950255.1_NZ_CP034369_01815,GCF_003950255.1_NZ_CP034369_01816,GCF_003950255.1_NZ_CP034369_01817,GCF_003950255.1_NZ_CP034369_01818,GCF_003950255.1_NZ_CP034369_01822,GCF_003950255.1_NZ_CP034369_01823,GCF_003950255.1_NZ_CP034369_01824,GCF_003950255.1_NZ_CP034369_01826	8	BREX__brxA_DUF1819,BREX__brxB_DUF1788,BREX__brxC,BREX__pglX1,BREX__pglX1,BREX__pglZA,BREX__brxL,BREX__brxHII	WP_031684504.1,WP_198082239.1,EJA98_RS09290,EJA98_RS09295,EJA98_RS09310,EJA98_RS09315,EJA98_RS09320,WP_033991213.1	Bacteria	Pseudomonadota	Gammaproteobacteria	Pseudomonadales	Pseudomonadaceae	Pseudomonas	Pseudomonas aeruginosa	GCF_003950255_NZ_CP034369_BREX_2	2
GCF_014158455.1	BREX	BREX_III	GCF_014158455.1_NZ_AP022013_01487	GCF_014158455.1_NZ_AP022013_01494	GCF_014158455.1_NZ_AP022013_01487,GCF_014158455.1_NZ_AP022013_01488,GCF_014158455.1_NZ_AP022013_01490,GCF_014158455.1_NZ_AP022013_01494	4	BREX__pglZ3,BREX__brxHII,BREX__pglXI,BREX__brxF	H7X73_RS07430,WP_183149642.1,WP_183149644.1,H7X73_RS07465	Bacteria	Pseudomonadota	Gammaproteobacteria	Aeromonadales	Aeromonadaceae	Aeromonas	Aeromonas caviae	GCF_014158455_NZ_AP022013_BREX_III_4	2
GCF_014158455.1	BREX	BREX_I	GCF_014158455.1_NZ_AP022013_01106	GCF_014158455.1_NZ_AP022013_01116	GCF_014158455.1_NZ_AP022013_01106,GCF_014158455.1_NZ_AP022013_01107,GCF_014158455.1_NZ_AP022013_01108,GCF_014158455.1_NZ_AP022013_01112,GCF_014158455.1_NZ_AP022013_01115,GCF_014158455.1_NZ_AP022013_01116	6	BREX__brxA_DUF1819,BREX__brxB_DUF1788,BREX__brxC,BREX__pglX1,BREX__pglZA,BREX__brxL	WP_183149503.1,WP_183149504.1,H7X73_RS05535,H7X73_RS05555,H7X73_RS05570,H7X73_RS05575	Bacteria	Pseudomonadota	Gammaproteobacteria	Aeromonadales	Aeromonadaceae	Aeromonas	Aeromonas caviae	GCF_014158455_NZ_AP022013_BREX_I_3	2
GCF_020271765.1	BREX	BREX_I	GCF_020271765.1_NZ_CP084302_00041	GCF_020271765.1_NZ_CP084302_00046	GCF_020271765.1_NZ_CP084302_00041,GCF_020271765.1_NZ_CP084302_00042,GCF_020271765.1_NZ_CP084302_00043,GCF_020271765.1_NZ_CP084302_00044,GCF_020271765.1_NZ_CP084302_00045,GCF_020271765.1_NZ_CP084302_00046	6	BREX__brxL,BREX__pglZA,BREX__pglX1,BREX__brxC,BREX__brxB_DUF1788,BREX__brxA_DUF1819	LDO52_RS15415,LDO52_RS15420,LDO52_RS15425,LDO52_RS15430,WP_002010699.1,WP_005264234.1	Bacteria	Pseudomonadota	Gammaproteobacteria	Moraxellales	Moraxellaceae	Acinetobacter	Acinetobacter pseudolwoffii	GCF_020271765_NZ_CP084302_BREX_I_2	2
GCF_015689175.1	BREX	BREX_I	GCF_015689175.1_NZ_CP065047_04199	GCF_015689175.1_NZ_CP065047_04204	GCF_015689175.1_NZ_CP065047_04199,GCF_015689175.1_NZ_CP065047_04200,GCF_015689175.1_NZ_CP065047_04201,GCF_015689175.1_NZ_CP065047_04202,GCF_015689175.1_NZ_CP065047_04203,GCF_015689175.1_NZ_CP065047_04204	6	BREX__brxA_DUF1819,BREX__brxB_DUF1788,BREX__brxC,BREX__pglX1,BREX__pglZA,BREX__brxL	WP_241007777.1,WP_174814228.1,I2456_RS20900,I2456_RS20905,I2456_RS20910,I2456_RS20915	Bacteria	Actinomycetota	Actinomycetes	Mycobacteriales	Mycobacteriaceae	Mycobacterium	Mycobacterium kubicae	GCF_015689175_NZ_CP065047_BREX_I_3	2
GCF_001675245.1	BREX	BREX_I	GCF_001675245.1_NZ_CP012739_01824	GCF_001675245.1_NZ_CP012739_01828	GCF_001675245.1_NZ_CP012739_01824,GCF_001675245.1_NZ_CP012739_01826,GCF_001675245.1_NZ_CP012739_01827,GCF_001675245.1_NZ_CP012739_01828	4	BREX__pglZB,BREX__pglX1,BREX__brxC,BREX__brxB_DUF1788	FORC17_RS08365,WP_065090483.1,FORC17_RS08380,WP_065090485.1	Bacteria	Pseudomonadota	Gammaproteobacteria	Vibrionales	Vibrionaceae	Vibrio	Vibrio vulnificus	GCF_001675245_NZ_CP012739_BREX_I_2	2
GCF_021650815.1	BREX	BREX_I	GCF_021650815.1_NZ_CP091284_00017	GCF_021650815.1_NZ_CP091284_00026	GCF_021650815.1_NZ_CP091284_00017,GCF_021650815.1_NZ_CP091284_00018,GCF_021650815.1_NZ_CP091284_00020,GCF_021650815.1_NZ_CP091284_00025,GCF_021650815.1_NZ_CP091284_00026	5	BREX__brxL,BREX__pglZA,BREX__pglX1,BREX__brxC,BREX__brxB_DUF1788	L3I90_RS00085,L3I90_RS00090,L3I90_RS00100,L3I90_RS00125,WP_006277879.1	Bacteria	Cyanobacteriota	Cyanophyceae	Nostocales	Aphanizomenonaceae	Cylindrospermopsis	Cylindrospermopsis raciborskii	GCF_021650815_NZ_CP091284_BREX_I_3	2
GCF_023100845.1	BREX	BREX_I	GCF_023100845.1_NZ_CP095864_02349	GCF_023100845.1_NZ_CP095864_02353	GCF_023100845.1_NZ_CP095864_02349,GCF_023100845.1_NZ_CP095864_02350,GCF_023100845.1_NZ_CP095864_02351,GCF_023100845.1_NZ_CP095864_02352,GCF_023100845.1_NZ_CP095864_02353	5	BREX__brxL,BREX__pglZB,BREX__pglX1,BREX__brxC,BREX__brxB_DUF1788	MYK68_RS11745,MYK68_RS11750,WP_247863884.1,MYK68_RS11760,WP_247863886.1	Bacteria	Actinomycetota	Actinomycetes	Mycobacteriales	Gordoniaceae	Gordonia	Gordonia sp. PP30	GCF_023100845_NZ_CP095864_BREX_I_3	2
GCF_002849955.1	BREX	BREX_I	GCF_002849955.1_NZ_CP015498_01124	GCF_002849955.1_NZ_CP015498_01126	GCF_002849955.1_NZ_CP015498_01124,GCF_002849955.1_NZ_CP015498_01125,GCF_002849955.1_NZ_CP015498_01126	3	BREX__brxC,BREX__brxB_DUF1788,BREX__brxA_DUF1819	Lh22155_RS05635,WP_101812673.1,WP_101812674.1	Bacteria	Bacillota	Bacilli	Lactobacillales	Lactobacillaceae	Lactobacillus	Lactobacillus helveticus	GCF_002849955_NZ_CP015498_BREX_I_2	2
GCF_004103715.1	BREX	BREX_I	GCF_004103715.1_NZ_CP035282_01205	GCF_004103715.1_NZ_CP035282_01208	GCF_004103715.1_NZ_CP035282_01205,GCF_004103715.1_NZ_CP035282_01206,GCF_004103715.1_NZ_CP035282_01207,GCF_004103715.1_NZ_CP035282_01208	4	BREX__brxA_DUF1819,BREX__brxB_DUF1788,BREX__brxC,BREX__pglX1	WP_161567182.1,WP_128752228.1,EQM13_RS05940,EQM13_RS05945	Bacteria	Bacillota	Tissierellia	Tissierellales	Acidilutibacteraceae	Acidilutibacter	Acidilutibacter cellobiosedens	GCF_004103715_NZ_CP035282_BREX_I_3	2
GCF_002849955.1	BREX	BREX_III	GCF_002849955.1_NZ_CP015498_01952	GCF_002849955.1_NZ_CP015498_01956	GCF_002849955.1_NZ_CP015498_01952,GCF_002849955.1_NZ_CP015498_01953,GCF_002849955.1_NZ_CP015498_01954,GCF_002849955.1_NZ_CP015498_01955,GCF_002849955.1_NZ_CP015498_01956	5	BREX__pglZ3,BREX__brxHII,BREX__pglXI,BREX__brxC,BREX__brxF	WP_101812801.1,WP_101812802.1,WP_101812803.1,WP_199799129.1,Lh22155_RS09855	Bacteria	Bacillota	Bacilli	Lactobacillales	Lactobacillaceae	Lactobacillus	Lactobacillus helveticus	GCF_002849955_NZ_CP015498_BREX_III_3	2
GCF_011046025.1	BREX	BREX_I	GCF_011046025.1_NZ_CP047639_01038	GCF_011046025.1_NZ_CP047639_01044	GCF_011046025.1_NZ_CP047639_01038,GCF_011046025.1_NZ_CP047639_01039,GCF_011046025.1_NZ_CP047639_01040,GCF_011046025.1_NZ_CP047639_01042,GCF_011046025.1_NZ_CP047639_01043,GCF_011046025.1_NZ_CP047639_01044	6	BREX__brxA_DUF1819,BREX__brxB_DUF1788,BREX__brxC,BREX__pglX1,BREX__pglZA,BREX__brxL	WP_241256072.1,WP_000645939.1,GTK47_RS05250,GTK47_RS05260,GTK47_RS05265,GTK47_RS05270	Bacteria	Pseudomonadota	Gammaproteobacteria	Enterobacterales	Morganellaceae	Proteus	Proteus sp. ZN5	GCF_011046025_NZ_CP047639_BREX_I_3	2
GCF_011046025.1	BREX	BREX_I	GCF_011046025.1_NZ_CP047639_03829	GCF_011046025.1_NZ_CP047639_03836	GCF_011046025.1_NZ_CP047639_03829,GCF_011046025.1_NZ_CP047639_03830,GCF_011046025.1_NZ_CP047639_03831,GCF_011046025.1_NZ_CP047639_03834,GCF_011046025.1_NZ_CP047639_03835,GCF_011046025.1_NZ_CP047639_03836	6	BREX__brxA_DUF1819,BREX__brxB_DUF1788,BREX__brxC,BREX__pglX1,BREX__pglZA,BREX__brxL	WP_206535870.1,WP_165126214.1,GTK47_RS19230,GTK47_RS19245,GTK47_RS19250,GTK47_RS19255	Bacteria	Pseudomonadota	Gammaproteobacteria	Enterobacterales	Morganellaceae	Proteus	Proteus sp. ZN5	GCF_011046025_NZ_CP047639_BREX_I_4	2
GCF_000144625.1	BREX	BREX_I	GCF_000144625.1_NC_014376_02808	GCF_000144625.1_NC_014376_02816	GCF_000144625.1_NC_014376_02808,GCF_000144625.1_NC_014376_02809,GCF_000144625.1_NC_014376_02812,GCF_000144625.1_NC_014376_02814,GCF_000144625.1_NC_014376_02815,GCF_000144625.1_NC_014376_02816	6	BREX__brxL,BREX__pglZA,BREX__pglX1,BREX__brxC,BREX__brxB_DUF1788,BREX__brxA_DUF1819	CLOSA_RS13990,CLOSA_RS13995,CLOSA_RS14010,CLOSA_RS14020,WP_013273421.1,WP_013273422.1	Bacteria	Bacillota	Clostridia	Eubacteriales	Lachnospiraceae	Lacrimispora	Lacrimispora saccharolytica	GCF_000144625_NC_014376_BREX_I_3	2
GCF_000144625.1	BREX	BREX_I	GCF_000144625.1_NC_014376_03718	GCF_000144625.1_NC_014376_03726	GCF_000144625.1_NC_014376_03718,GCF_000144625.1_NC_014376_03719,GCF_000144625.1_NC_014376_03723,GCF_000144625.1_NC_014376_03724,GCF_000144625.1_NC_014376_03725,GCF_000144625.1_NC_014376_03726	6	BREX__brxL,BREX__pglZA,BREX__pglX1,BREX__brxC,BREX__brxB_DUF1788,BREX__brxA_DUF1819	CLOSA_RS18565,CLOSA_RS18570,CLOSA_RS18590,CLOSA_RS18595,WP_005929853.1,WP_013274278.1	Bacteria	Bacillota	Clostridia	Eubacteriales	Lachnospiraceae	Lacrimispora	Lacrimispora saccharolytica	GCF_000144625_NC_014376_BREX_I_4	2
GCF_016859125.1	BREX	BREX_II	GCF_016859125.1_NZ_CP069338_06855	GCF_016859125.1_NZ_CP069338_06860	GCF_016859125.1_NZ_CP069338_06855,GCF_016859125.1_NZ_CP069338_06856,GCF_016859125.1_NZ_CP069338_06857,GCF_016859125.1_NZ_CP069338_06858,GCF_016859125.1_NZ_CP069338_06859,GCF_016859125.1_NZ_CP069338_06860	6	BREX__pglW,BREX__pglX2,BREX__pglY,BREX__pglZ2,BREX__brxD,BREX__brxHI	WP_203403671.1,JQX13_RS34260,WP_203403673.1,JQX13_RS34270,JQX13_RS34275,WP_203403676.1	Bacteria	Myxococcota	Myxococcia	Myxococcales	Archangiaceae	Archangium	Archangium violaceum	GCF_016859125_NZ_CP069338_BREX_II_3	2
GCF_016859125.1	BREX	BREX	GCF_016859125.1_NZ_CP069338_10620	GCF_016859125.1_NZ_CP069338_10626	GCF_016859125.1_NZ_CP069338_10620,GCF_016859125.1_NZ_CP069338_10621,GCF_016859125.1_NZ_CP069338_10622,GCF_016859125.1_NZ_CP069338_10623,GCF_016859125.1_NZ_CP069338_10624,GCF_016859125.1_NZ_CP069338_10625,GCF_016859125.1_NZ_CP069338_10626	7	BREX__brxL,BREX__pglZA,BREX__pglX1,BREX__brxC,BREX__brxB_DUF1788,BREX__brxA_DUF1819,BREX__brxE	JQX13_RS52975,WP_203406938.1,JQX13_RS52985,JQX13_RS52990,WP_203406941.1,WP_203406942.1,WP_203406943.1	Bacteria	Myxococcota	Myxococcia	Myxococcales	Archangiaceae	Archangium	Archangium violaceum	GCF_016859125_NZ_CP069338_BREX_2	2
GCF_000470655.1	BREX	BREX	GCF_000470655.1_NC_021913_00297	GCF_000470655.1_NC_021913_00302	GCF_000470655.1_NC_021913_00297,GCF_000470655.1_NC_021913_00299,GCF_000470655.1_NC_021913_00302	3	BREX__brxHII,BREX__pglZA,BREX__pglX1	WP_021029738.1,HTIA_RS15295,HTIA_RS16145	Archaea	Euryarchaeota	Halobacteria	Halobacteriales	Haloarculaceae	Halorhabdus	Halorhabdus tiamatea	GCF_000470655_NC_021913_BREX_1	2
GCF_000470655.1	BREX	BREX_I	GCF_000470655.1_NC_021913_00310	GCF_000470655.1_NC_021913_00313	GCF_000470655.1_NC_021913_00310,GCF_000470655.1_NC_021913_00311,GCF_000470655.1_NC_021913_00312,GCF_000470655.1_NC_021913_00313	4	BREX__brxC,BREX__brxB_DUF1788,BREX__brxC,BREX__brxA_DUF1819	WP_008528537.1,WP_008528536.1,WP_008528535.1,WP_202959033.1	Archaea	Euryarchaeota	Halobacteria	Halobacteriales	Haloarculaceae	Halorhabdus	Halorhabdus tiamatea	GCF_000470655_NC_021913_BREX_I_2	2
GCF_001998865.1	BREX	BREX_I	GCF_001998865.1_NZ_CP019607_01034	GCF_001998865.1_NZ_CP019607_01038	GCF_001998865.1_NZ_CP019607_01034,GCF_001998865.1_NZ_CP019607_01035,GCF_001998865.1_NZ_CP019607_01036,GCF_001998865.1_NZ_CP019607_01037,GCF_001998865.1_NZ_CP019607_01038	5	BREX__pglZA,BREX__pglX1,BREX__brxC,BREX__brxB_DUF1788,BREX__brxA_DUF1819	BW733_RS05145,BW733_RS05150,BW733_RS05155,WP_077348542.1,WP_077348544.1	Bacteria	Actinomycetota	Actinomycetes	Propionibacteriales	Propionibacteriaceae	Tessaracoccus	Tessaracoccus flavescens	GCF_001998865_NZ_CP019607_BREX_I_3	2
GCF_001998865.1	BREX	BREX_II	GCF_001998865.1_NZ_CP019607_01196	GCF_001998865.1_NZ_CP019607_01203	GCF_001998865.1_NZ_CP019607_01196,GCF_001998865.1_NZ_CP019607_01198,GCF_001998865.1_NZ_CP019607_01199,GCF_001998865.1_NZ_CP019607_01202,GCF_001998865.1_NZ_CP019607_01203	5	BREX__brxHI,BREX__brxHI,BREX__brxD,BREX__pglZ2,BREX__pglY	WP_237268321.1,WP_077348799.1,BW733_RS05945,BW733_RS05960,WP_077348815.1	Bacteria	Actinomycetota	Actinomycetes	Propionibacteriales	Propionibacteriaceae	Tessaracoccus	Tessaracoccus flavescens	GCF_001998865_NZ_CP019607_BREX_II_4	2
GCF_004103715.1	BREX	BREX_I	GCF_004103715.1_NZ_CP035282_00245	GCF_004103715.1_NZ_CP035282_00251	GCF_004103715.1_NZ_CP035282_00245,GCF_004103715.1_NZ_CP035282_00246,GCF_004103715.1_NZ_CP035282_00247,GCF_004103715.1_NZ_CP035282_00248,GCF_004103715.1_NZ_CP035282_00250,GCF_004103715.1_NZ_CP035282_00251	6	BREX__brxA_DUF1819,BREX__brxB_DUF1788,BREX__brxC,BREX__pglX1,BREX__pglZA,BREX__brxL	WP_128751698.1,WP_128751699.1,EQM13_RS01230,EQM13_RS01235,EQM13_RS01245,EQM13_RS01250	Bacteria	Bacillota	Tissierellia	Tissierellales	Acidilutibacteraceae	Acidilutibacter	Acidilutibacter cellobiosedens	GCF_004103715_NZ_CP035282_BREX_I_2	2
GCF_000014725.1	BREX	BREX_I	GCF_000014725.1_NC_008346_02601	GCF_000014725.1_NC_008346_02608	GCF_000014725.1_NC_008346_02601,GCF_000014725.1_NC_008346_02602,GCF_000014725.1_NC_008346_02605,GCF_000014725.1_NC_008346_02606,GCF_000014725.1_NC_008346_02607,GCF_000014725.1_NC_008346_02608	6	BREX__brxL,BREX__pglZA,BREX__pglX1,BREX__brxC,BREX__brxB_DUF1788,BREX__brxA_DUF1819	SWOL_RS12885,SWOL_RS12890,SWOL_RS12910,SWOL_RS12915,WP_011641866.1,WP_011641867.1	Bacteria	Bacillota	Clostridia	Eubacteriales	Syntrophomonadaceae	Syntrophomonas	Syntrophomonas wolfei	GCF_000014725_NC_008346_BREX_I_4	2
GCF_000014725.1	BREX	BREX_I	GCF_000014725.1_NC_008346_01010	GCF_000014725.1_NC_008346_01020	GCF_000014725.1_NC_008346_01010,GCF_000014725.1_NC_008346_01012,GCF_000014725.1_NC_008346_01019,GCF_000014725.1_NC_008346_01020	4	BREX__brxA_DUF1819,BREX__brxC,BREX__pglZA,BREX__brxL	WP_081424784.1,SWOL_RS05025,WP_011640417.1,SWOL_RS05070	Bacteria	Bacillota	Clostridia	Eubacteriales	Syntrophomonadaceae	Syntrophomonas	Syntrophomonas wolfei	GCF_000014725_NC_008346_BREX_I_3	2
GCF_014280115.1	BREX	BREX_I	GCF_014280115.1_NZ_CP047938_02244	GCF_014280115.1_NZ_CP047938_02252	GCF_014280115.1_NZ_CP047938_02244,GCF_014280115.1_NZ_CP047938_02245,GCF_014280115.1_NZ_CP047938_02246,GCF_014280115.1_NZ_CP047938_02248,GCF_014280115.1_NZ_CP047938_02251,GCF_014280115.1_NZ_CP047938_02252	6	BREX__brxA_DUF1819,BREX__brxB_DUF1788,BREX__brxC,BREX__pglX1,BREX__pglZA,BREX__brxL	WP_186513665.1,WP_186513666.1,SynA1544_RS11215,SynA1544_RS11225,SynA1544_RS11240,SynA1544_RS11245	Bacteria	Cyanobacteriota	Cyanophyceae	Synechococcales	Synechococcaceae	Synechococcus	Synechococcus sp. A15-44	GCF_014280115_NZ_CP047938_BREX_I_3	2
GCF_014280115.1	BREX	BREX	GCF_014280115.1_NZ_CP047938_00548	GCF_014280115.1_NZ_CP047938_00555	GCF_014280115.1_NZ_CP047938_00548,GCF_014280115.1_NZ_CP047938_00549,GCF_014280115.1_NZ_CP047938_00550,GCF_014280115.1_NZ_CP047938_00551,GCF_014280115.1_NZ_CP047938_00552,GCF_014280115.1_NZ_CP047938_00553,GCF_014280115.1_NZ_CP047938_00555	7	BREX__brxE,BREX__brxA_DUF1819,BREX__brxB_DUF1788,BREX__brxC,BREX__pglX1,BREX__pglZA,BREX__brxL	WP_186514735.1,WP_186514736.1,WP_186514737.1,SynA1544_RS02755,WP_186514739.1,WP_186514740.1,SynA1544_RS02775	Bacteria	Cyanobacteriota	Cyanophyceae	Synechococcales	Synechococcaceae	Synechococcus	Synechococcus sp. A15-44	GCF_014280115_NZ_CP047938_BREX_1	2
GCF_001806305.1	BREX	BREX_III	GCF_001806305.1_NZ_CP017483_03583	GCF_001806305.1_NZ_CP017483_03587	GCF_001806305.1_NZ_CP017483_03583,GCF_001806305.1_NZ_CP017483_03585,GCF_001806305.1_NZ_CP017483_03586,GCF_001806305.1_NZ_CP017483_03587	4	BREX__brxF,BREX__pglXI,BREX__brxHII,BREX__pglZ3	BIZ42_RS17700,WP_070427209.1,WP_070427210.1,BIZ42_RS17720	Bacteria	Pseudomonadota	Gammaproteobacteria	Xanthomonadales	Xanthomonadaceae	Stenotrophomonas	Stenotrophomonas sp. LM091	GCF_001806305_NZ_CP017483_BREX_III_3	2
GCF_001806305.1	BREX	BREX	GCF_001806305.1_NZ_CP017483_02739	GCF_001806305.1_NZ_CP017483_02749	GCF_001806305.1_NZ_CP017483_02739,GCF_001806305.1_NZ_CP017483_02740,GCF_001806305.1_NZ_CP017483_02741,GCF_001806305.1_NZ_CP017483_02742,GCF_001806305.1_NZ_CP017483_02745,GCF_001806305.1_NZ_CP017483_02748,GCF_001806305.1_NZ_CP017483_02749	7	BREX__brxE,BREX__brxA_DUF1819,BREX__brxB_DUF1788,BREX__brxC,BREX__pglX1,BREX__pglZA,BREX__brxL	WP_032968954.1,WP_049450114.1,WP_049450111.1,BIZ42_RS13545,WP_070426725.1,WP_070426727.1,BIZ42_RS13580	Bacteria	Pseudomonadota	Gammaproteobacteria	Xanthomonadales	Xanthomonadaceae	Stenotrophomonas	Stenotrophomonas sp. LM091	GCF_001806305_NZ_CP017483_BREX_1	2
GCF_020271765.1	BREX	BREX_I	GCF_020271765.1_NZ_CP084301_00001	GCF_020271765.1_NZ_CP084301_00193	GCF_020271765.1_NZ_CP084301_00001,GCF_020271765.1_NZ_CP084301_00003,GCF_020271765.1_NZ_CP084301_00004,GCF_020271765.1_NZ_CP084301_00191,GCF_020271765.1_NZ_CP084301_00192,GCF_020271765.1_NZ_CP084301_00193	6	BREX__pglX1,BREX__pglZA,BREX__brxL,BREX__brxA_DUF1819,BREX__brxB_DUF1788,BREX__brxC	LDO52_RS14250,LDO52_RS14260,LDO52_RS14265,WP_005264234.1,WP_225554347.1,LDO52_RS14245	Bacteria	Pseudomonadota	Gammaproteobacteria	Moraxellales	Moraxellaceae	Acinetobacter	Acinetobacter pseudolwoffii	GCF_020271765_NZ_CP084301_BREX_I_2	2
GCF_001675245.1	BREX	BREX_I	GCF_001675245.1_NZ_CP012740_00638	GCF_001675245.1_NZ_CP012740_00645	GCF_001675245.1_NZ_CP012740_00638,GCF_001675245.1_NZ_CP012740_00639,GCF_001675245.1_NZ_CP012740_00642,GCF_001675245.1_NZ_CP012740_00643,GCF_001675245.1_NZ_CP012740_00644,GCF_001675245.1_NZ_CP012740_00645	6	BREX__brxL,BREX__pglZA,BREX__pglX1,BREX__brxC,BREX__brxB_DUF1788,BREX__brxA_DUF1819	FORC17_RS18315,FORC17_RS18320,FORC17_RS18335,FORC17_RS18340,WP_065091083.1,WP_065091084.1	Bacteria	Pseudomonadota	Gammaproteobacteria	Vibrionales	Vibrionaceae	Vibrio	Vibrio vulnificus	GCF_001675245_NZ_CP012740_BREX_I_2	2
GCF_023734135.1	BREX	BREX_I	GCF_023734135.1_NZ_AP025730_04208	GCF_023734135.1_NZ_AP025730_04215	GCF_023734135.1_NZ_AP025730_04208,GCF_023734135.1_NZ_AP025730_04209,GCF_023734135.1_NZ_AP025730_04214,GCF_023734135.1_NZ_AP025730_04215	4	BREX__brxC,BREX__pglX1,BREX__pglZB,BREX__brxL	NGK70_RS21040,WP_251970425.1,NGK70_RS21070,NGK70_RS21075	Bacteria	Pseudomonadota	Betaproteobacteria	Burkholderiales	Sphaerotilaceae	Sphaerotilus	Sphaerotilus sp. FB-5	GCF_023734135_NZ_AP025730_BREX_I_3	2
GCF_023734135.1	BREX	BREX_II	GCF_023734135.1_NZ_AP025730_03350	GCF_023734135.1_NZ_AP025730_03353	GCF_023734135.1_NZ_AP025730_03350,GCF_023734135.1_NZ_AP025730_03351,GCF_023734135.1_NZ_AP025730_03352,GCF_023734135.1_NZ_AP025730_03353	4	BREX__pglY,BREX__pglZ2,BREX__brxD,BREX__brxHI	WP_251969637.1,NGK70_RS16755,NGK70_RS16760,WP_251969640.1	Bacteria	Pseudomonadota	Betaproteobacteria	Burkholderiales	Sphaerotilaceae	Sphaerotilus	Sphaerotilus sp. FB-5	GCF_023734135_NZ_AP025730_BREX_II_4	2
GCF_004135755.1	BREX	BREX_VI	GCF_004135755.1_NZ_CP012672_09722	GCF_004135755.1_NZ_CP012672_09730	GCF_004135755.1_NZ_CP012672_09722,GCF_004135755.1_NZ_CP012672_09723,GCF_004135755.1_NZ_CP012672_09724,GCF_004135755.1_NZ_CP012672_09725,GCF_004135755.1_NZ_CP012672_09727,GCF_004135755.1_NZ_CP012672_09728,GCF_004135755.1_NZ_CP012672_09730	7	BREX__brxHI,BREX__brxD,BREX__pglZA,BREX__pglX1,BREX__brxC,BREX__brxB_DUF1788,BREX__brxE	WP_129580211.1,SOCE836_RS49045,SOCE836_RS49050,WP_129580214.1,SOCE836_RS49065,WP_129580217.1,SOCE836_RS49080	Bacteria	Myxococcota		Polyangiales	Polyangiaceae	Sorangium	Sorangium cellulosum	GCF_004135755_NZ_CP012672_BREX_VI_4	2
GCF_004135755.1	BREX	BREX_II	GCF_004135755.1_NZ_CP012672_01619	GCF_004135755.1_NZ_CP012672_01629	GCF_004135755.1_NZ_CP012672_01619,GCF_004135755.1_NZ_CP012672_01620,GCF_004135755.1_NZ_CP012672_01621,GCF_004135755.1_NZ_CP012672_01622,GCF_004135755.1_NZ_CP012672_01626,GCF_004135755.1_NZ_CP012672_01629	6	BREX__brxHI,BREX__brxD,BREX__pglZ2,BREX__pglY,BREX__pglX2,BREX__pglW	WP_129573692.1,SOCE836_RS08170,SOCE836_RS08175,WP_129573695.1,SOCE836_RS08200,WP_129573702.1	Bacteria	Myxococcota		Polyangiales	Polyangiaceae	Sorangium	Sorangium cellulosum	GCF_004135755_NZ_CP012672_BREX_II_3	2
GCF_003691525.1	BREX	BREX_III	GCF_003691525.1_NZ_CP033141_02175	GCF_003691525.1_NZ_CP033141_02179	GCF_003691525.1_NZ_CP033141_02175,GCF_003691525.1_NZ_CP033141_02176,GCF_003691525.1_NZ_CP033141_02177,GCF_003691525.1_NZ_CP033141_02179	4	BREX__pglZ3,BREX__brxHII,BREX__pglXI,BREX__brxF	D0871_RS11665,WP_023624072.1,WP_023624073.1,D0871_RS11685	Bacteria	Pseudomonadota	Gammaproteobacteria	Vibrionales	Vibrionaceae	Vibrio	Vibrio parahaemolyticus	GCF_003691525_NZ_CP033141_BREX_III_4	2
GCF_003691525.1	BREX	BREX_I	GCF_003691525.1_NZ_CP033141_01524	GCF_003691525.1_NZ_CP033141_01532	GCF_003691525.1_NZ_CP033141_01524,GCF_003691525.1_NZ_CP033141_01525,GCF_003691525.1_NZ_CP033141_01529,GCF_003691525.1_NZ_CP033141_01530,GCF_003691525.1_NZ_CP033141_01531,GCF_003691525.1_NZ_CP033141_01532	6	BREX__brxL,BREX__pglZA,BREX__pglX1,BREX__brxC,BREX__brxB_DUF1788,BREX__brxA_DUF1819	D0871_RS08235,D0871_RS08240,D0871_RS08260,D0871_RS08265,WP_122015999.1,WP_100754283.1	Bacteria	Pseudomonadota	Gammaproteobacteria	Vibrionales	Vibrionaceae	Vibrio	Vibrio parahaemolyticus	GCF_003691525_NZ_CP033141_BREX_I_3	2
GCF_001687065.1	BREX	BREX_I	GCF_001687065.1_NZ_CP016432_01017	GCF_001687065.1_NZ_CP016432_01028	GCF_001687065.1_NZ_CP016432_01017,GCF_001687065.1_NZ_CP016432_01018,GCF_001687065.1_NZ_CP016432_01019,GCF_001687065.1_NZ_CP016432_01022,GCF_001687065.1_NZ_CP016432_01027,GCF_001687065.1_NZ_CP016432_01028	6	BREX__brxA_DUF1819,BREX__brxB_DUF1788,BREX__brxC,BREX__pglX1,BREX__pglZA,BREX__brxL	WP_235670351.1,WP_068867044.1,Ptc2401_RS05035,Ptc2401_RS05045,Ptc2401_RS05070,Ptc2401_RS05075	Bacteria	Chlorobiota	Chlorobiia	Chlorobiales	Chlorobiaceae	Prosthecochloris	Prosthecochloris sp. CIB 2401	GCF_001687065_NZ_CP016432_BREX_I_3	2
